Acronym,acronym,Fullform1,Fullform2,Fullform3,Fullform4,link
A/C,a/c,Aircraft,,,,https://www.faa.gov/airports/resources/acronyms/
A/G,a/g,Air to Ground,,,,https://www.faa.gov/airports/resources/acronyms/
A/H,a/h,Altitude/Height,,,,https://www.faa.gov/airports/resources/acronyms/
AAC,aac,Mike Monroney Aeronautical Center,,,,https://www.faa.gov/airports/resources/acronyms/
AAF,aaf,Army Air Field,,,,https://www.faa.gov/airports/resources/acronyms/
AAI,aai,Arrival Aircraft Interval,,,,https://www.faa.gov/airports/resources/acronyms/
AAP,aap,Advanced Automation Program,,,,https://www.faa.gov/airports/resources/acronyms/
AAR,aar,Airport Acceptance Rate,,,,https://www.faa.gov/airports/resources/acronyms/
ABDIS,abdis,Automated Data Interchange System Service B,,,,https://www.faa.gov/airports/resources/acronyms/
AC,ac,Advisory Circular,,,,https://www.faa.gov/airports/resources/acronyms/
ACAIS,acais,Air Carrier Activity Information System,,,,https://www.faa.gov/airports/resources/acronyms/
ACAS,acas,Aircraft Collision Avoidance System,,,,https://www.faa.gov/airports/resources/acronyms/
ACC,acc,Airports Consultants Council,Area Control Center,,,https://www.faa.gov/airports/resources/acronyms/
ACCT,acct,Accounting Records,,,,https://www.faa.gov/airports/resources/acronyms/
ACD,acd,Automatic Call Distributor,,,,https://www.faa.gov/airports/resources/acronyms/
ACDO,acdo,Air Carrier District Office,,,,https://www.faa.gov/airports/resources/acronyms/
ACF,acf,Area Control Facility,,,,https://www.faa.gov/airports/resources/acronyms/
ACFO,acfo,Aircraft Certification Field Office,,,,https://www.faa.gov/airports/resources/acronyms/
ACFT,acft,Aircraft,,,,https://www.faa.gov/airports/resources/acronyms/
ACI-NA,aci-na,North America,,,,https://www.faa.gov/airports/resources/acronyms/
ACID,acid,Aircraft Identification,,,,https://www.faa.gov/airports/resources/acronyms/
ACIP,acip,Airport Capital Improvement Plan,,,,https://www.faa.gov/airports/resources/acronyms/
ACLS,acls,Automatic Carrier Landing System,,,,https://www.faa.gov/airports/resources/acronyms/
ACLT,aclt,Actual Landing Time Calculated,,,,https://www.faa.gov/airports/resources/acronyms/
ACO,aco,Office of Airports Compliance and Field Operations,Aircraft Certification Office,,,https://www.faa.gov/airports/resources/acronyms/
ACRP,acrp,Airport Cooperative Research Program,,,,https://www.faa.gov/airports/resources/acronyms/
ADA,ada,Air Defense Area,,,,https://www.faa.gov/airports/resources/acronyms/
ADAP,adap,Airport Development Aid Program,,,,https://www.faa.gov/airports/resources/acronyms/
ADAS,adas,AWOS Data Acquisition System,,,,https://www.faa.gov/airports/resources/acronyms/
ADCCP,adccp,Advanced Data Communications Control Procedure,,,,https://www.faa.gov/airports/resources/acronyms/
ADDA,adda,Administrative Data,,,,https://www.faa.gov/airports/resources/acronyms/
ADF,adf,Automatic Direction Finding,,,,https://www.faa.gov/airports/resources/acronyms/
ADG,adg,Airplane Design Group,,,,https://www.faa.gov/airports/resources/acronyms/
ADI,adi,Ice and Inhibitor,,,,https://www.faa.gov/airports/resources/acronyms/
ADIN,adin,AUTODIN Service,,,,https://www.faa.gov/airports/resources/acronyms/
ADIZ,adiz,Air Defense Identification Zone,,,,https://www.faa.gov/airports/resources/acronyms/
ADL,adl,Link,,,,https://www.faa.gov/airports/resources/acronyms/
ADLY,adly,Arrival Delay,,,,https://www.faa.gov/airports/resources/acronyms/
ADO,ado,Airline Dispatch Office,,,,https://www.faa.gov/airports/resources/acronyms/
ADP,adp,Automated Data Processing,,,,https://www.faa.gov/airports/resources/acronyms/
ADS,ads,Automatic Dependent Surveillance,,,,https://www.faa.gov/airports/resources/acronyms/
ADS-B,ads-b,Broadcast,,,,https://www.faa.gov/airports/resources/acronyms/
ADSIM,adsim,Airfield Delay Simulation Model,,,,https://www.faa.gov/airports/resources/acronyms/
ADSY,adsy,Administrative Equipment Systems,,,,https://www.faa.gov/airports/resources/acronyms/
ADTN,adtn,Administrative Data Transmission Network,,,,https://www.faa.gov/airports/resources/acronyms/
ADTN2000,adtn2000,Administrative Data Transmission Network 2000,,,,https://www.faa.gov/airports/resources/acronyms/
ADVO,advo,Administrative Voice,,,,https://www.faa.gov/airports/resources/acronyms/
AEG,aeg,Aircraft Evaluation Group,,,,https://www.faa.gov/airports/resources/acronyms/
AERA,aera,Route Air Traffic Control,,,,https://www.faa.gov/airports/resources/acronyms/
AEX,aex,Automated Execution,,,,https://www.faa.gov/airports/resources/acronyms/
AF,af,Airway Facilities,,,,https://www.faa.gov/airports/resources/acronyms/
AFB,afb,Air Force Base,,,,https://www.faa.gov/airports/resources/acronyms/
AFIS,afis,Automated Flight Inspection System,,,,https://www.faa.gov/airports/resources/acronyms/
AFP,afp,Area Flight Plan,,,,https://www.faa.gov/airports/resources/acronyms/
AFRES,afres,Air Force Reserve Station,,,,https://www.faa.gov/airports/resources/acronyms/
AFS,afs,Airways Facilities Sector,,,,https://www.faa.gov/airports/resources/acronyms/
AFSFO,afsfo,AFS Field Office,,,,https://www.faa.gov/airports/resources/acronyms/
AFSFU,afsfu,AFS Field Unit,,,,https://www.faa.gov/airports/resources/acronyms/
AFSOU,afsou,AFS Field Office Unit (Standard is AFSFOU),,,,https://www.faa.gov/airports/resources/acronyms/
AFSS,afss,Automated Flight Service Station,,,,https://www.faa.gov/airports/resources/acronyms/
AFTN,aftn,Automated Fixed Telecommunications Network,,,,https://www.faa.gov/airports/resources/acronyms/
AGIS,agis,Airports Geographic Information System,,,,https://www.faa.gov/airports/resources/acronyms/
AGL,agl,Above Ground Level,,,,https://www.faa.gov/airports/resources/acronyms/
AID,aid,Airport Information Desk,,,,https://www.faa.gov/airports/resources/acronyms/
AIG,aig,Airbus Industries Group,,,,https://www.faa.gov/airports/resources/acronyms/
AIM,aim,Airman's Information Manual,,,,https://www.faa.gov/airports/resources/acronyms/
AIP,aip,Airport Improvement Plan,,,,https://www.faa.gov/airports/resources/acronyms/
AIRMET,airmet,Airmen's Meteorological Information,,,,https://www.faa.gov/airports/resources/acronyms/
AIRNET,airnet,Airport Network Simulation Model,,,,https://www.faa.gov/airports/resources/acronyms/
AIS,ais,Aeronautical Information Service,,,,https://www.faa.gov/airports/resources/acronyms/
AIT,ait,Automated Information Transfer,,,,https://www.faa.gov/airports/resources/acronyms/
ALP,alp,Airport Layout Plan,,,,https://www.faa.gov/airports/resources/acronyms/
ALS,als,Approach Lighting System,,,,https://www.faa.gov/airports/resources/acronyms/
ALSF1,alsf1,ALS with Sequenced Flashers I,,,,https://www.faa.gov/airports/resources/acronyms/
ALSF2,alsf2,ALS with Sequenced Flashers II,,,,https://www.faa.gov/airports/resources/acronyms/
ALSIP,alsip,Approach Lighting System Improvement Plan,,,,https://www.faa.gov/airports/resources/acronyms/
ALTRV,altrv,Altitude Reservation,,,,https://www.faa.gov/airports/resources/acronyms/
AMASS,amass,Airport Movement Area Safety System,,,,https://www.faa.gov/airports/resources/acronyms/
AMCC,amcc,ACF/ARTCC Maintenance Control Center,,,,https://www.faa.gov/airports/resources/acronyms/
AMOS,amos,Automated Meteorological Observation Station,,,,https://www.faa.gov/airports/resources/acronyms/
AMP,amp,ARINC Message Processor (OR) Airport Master Plan,,,,https://www.faa.gov/airports/resources/acronyms/
AMVER,amver,Automated Mutual Assistance Vessel Rescue System,,,,https://www.faa.gov/airports/resources/acronyms/
ANC,anc,Alternate Network Connectivity,,,,https://www.faa.gov/airports/resources/acronyms/
ANCA,anca,Airport Noise and Capacity Act,,,,https://www.faa.gov/airports/resources/acronyms/
ANG,ang,Air National Guard,,,,https://www.faa.gov/airports/resources/acronyms/
ANGB,angb,Air National Guard Base,,,,https://www.faa.gov/airports/resources/acronyms/
ANMS,anms,Automated Network Monitoring System,,,,https://www.faa.gov/airports/resources/acronyms/
ANSI,ansi,American National Standards Group,,,,https://www.faa.gov/airports/resources/acronyms/
AOA,aoa,Air Operations Area,,,,https://www.faa.gov/airports/resources/acronyms/
AP,ap,Acquisition Plan,,,,https://www.faa.gov/airports/resources/acronyms/
APP,app,Approach,,,,https://www.faa.gov/airports/resources/acronyms/
APS,aps,Airport Planning Standard,,,,https://www.faa.gov/airports/resources/acronyms/
AQAFO,aqafo,Aeronautical Quality Assurance Field Office,,,,https://www.faa.gov/airports/resources/acronyms/
ARAC,arac,Army Radar Approach Control (AAF),Aviation Rulemaking Advisory Committee,,,https://www.faa.gov/airports/resources/acronyms/
ARC,arc,Airport Reference Code,,,,https://www.faa.gov/airports/resources/acronyms/
ARCTR,arctr,FAA Aeronautical Center or Academy,,,,https://www.faa.gov/airports/resources/acronyms/
ARF,arf,Airport Reservation Function,,,,https://www.faa.gov/airports/resources/acronyms/
ARFF,arff,Aircraft Rescue and Fire Fighting,,,,https://www.faa.gov/airports/resources/acronyms/
ARINC,arinc,"Aeronautical Radio, Inc.",,,,https://www.faa.gov/airports/resources/acronyms/
ARLNO,arlno,Airline Office,,,,https://www.faa.gov/airports/resources/acronyms/
ARO,aro,Airport Reservation Office,,,,https://www.faa.gov/airports/resources/acronyms/
ARP,arp,Airport Reference Point,Aerospace Recommended Practice,,,https://www.faa.gov/airports/resources/acronyms/
ARRA,arra,American Recovery and Reinvestment Act of 2009,,,,https://www.faa.gov/airports/resources/acronyms/
ARSA,arsa,Airport Service Radar Area,,,,https://www.faa.gov/airports/resources/acronyms/
ARSR,arsr,Air Route Surveillance Radar,,,,https://www.faa.gov/airports/resources/acronyms/
ARTCC,artcc,Air Route Traffic Control Center,,,,https://www.faa.gov/airports/resources/acronyms/
ARTS,arts,Automated Radar Terminal System,,,,https://www.faa.gov/airports/resources/acronyms/
ASAS,asas,Aviation Safety Analysis System,,,,https://www.faa.gov/airports/resources/acronyms/
ASC,asc,AUTODIN Switching Center,,,,https://www.faa.gov/airports/resources/acronyms/
ASCP,ascp,Aviation System Capacity Plan,,,,https://www.faa.gov/airports/resources/acronyms/
ASD,asd,Aircraft Situation Display,,,,https://www.faa.gov/airports/resources/acronyms/
ASDA,asda,Stop Distance Available,,,,https://www.faa.gov/airports/resources/acronyms/
ASLAR,aslar,Aircraft Surge Launch And Recovery,,,,https://www.faa.gov/airports/resources/acronyms/
ASM,asm,Available Seat Mile,,,,https://www.faa.gov/airports/resources/acronyms/
ASP,asp,Arrival Sequencing Program,,,,https://www.faa.gov/airports/resources/acronyms/
ASOS,asos,Automatic Surface Observation System,,,,https://www.faa.gov/airports/resources/acronyms/
ASQP,asqp,Airline Service Quality Performance,,,,https://www.faa.gov/airports/resources/acronyms/
ASR,asr,Airport Surveillance Radar,,,,https://www.faa.gov/airports/resources/acronyms/
ASTA,asta,Airport Surface Traffic Automation,,,,https://www.faa.gov/airports/resources/acronyms/
ASV,asv,Annual Service Volume,Airline Schedule Vendor,,,https://www.faa.gov/airports/resources/acronyms/
AT,at,Air Traffic,,,,https://www.faa.gov/airports/resources/acronyms/
ATA,ata,Air Transport Association of America,,,,https://www.faa.gov/airports/resources/acronyms/
ATAS,atas,Airspace and Traffic Advisory Service,,,,https://www.faa.gov/airports/resources/acronyms/
ATCAA,atcaa,Air Traffic Control Assigned Airspace,,,,https://www.faa.gov/airports/resources/acronyms/
ATC,atc,Air Traffic Control,,,,https://www.faa.gov/airports/resources/acronyms/
ATCBI,atcbi,Air Traffic Control Beacon Indicator,,,,https://www.faa.gov/airports/resources/acronyms/
ATCCC,atccc,Air Traffic Control Command Center,,,,https://www.faa.gov/airports/resources/acronyms/
ATCO,atco,Air Taxi Commercial Operator,,,,https://www.faa.gov/airports/resources/acronyms/
ATCRB,atcrb,Air Traffic Control Radar Beacon,,,,https://www.faa.gov/airports/resources/acronyms/
ATCRBS,atcrbs,Air Traffic Control Radar Beacon System,,,,https://www.faa.gov/airports/resources/acronyms/
ATCSCC,atcscc,Air Traffic Control Systems Command Center,,,,https://www.faa.gov/airports/resources/acronyms/
ATCT,atct,Airport Traffic Control Tower,,,,https://www.faa.gov/airports/resources/acronyms/
ATIS,atis,Automated Terminal Information Service,,,,https://www.faa.gov/airports/resources/acronyms/
ATISR,atisr,ATIS Recorder,,,,https://www.faa.gov/airports/resources/acronyms/
ATM,atm,Air Traffic Management,Asynchronous Transfer Mode,,,https://www.faa.gov/airports/resources/acronyms/
ATMS,atms,Advanced Traffic Management System,,,,https://www.faa.gov/airports/resources/acronyms/
ATN,atn,Aeronautical Telecommunications Network,,,,https://www.faa.gov/airports/resources/acronyms/
ATODN,atodn,AUTODIN Terminal (FUS),,,,https://www.faa.gov/airports/resources/acronyms/
ATOVN,atovn,AUOTVON (Facility),,,,https://www.faa.gov/airports/resources/acronyms/
ATOMS,atoms,Air Traffic Operations Management System,,,,https://www.faa.gov/airports/resources/acronyms/
ATS,ats,Air Traffic Service,,,,https://www.faa.gov/airports/resources/acronyms/
ATSCCP,atsccp,ATS Contingency Command Post,,,,https://www.faa.gov/airports/resources/acronyms/
AUTODIN,autodin,DoD Automatic Digital Network,,,,https://www.faa.gov/airports/resources/acronyms/
AUTOVON,autovon,DoD Automatic Voice Network,,,,https://www.faa.gov/airports/resources/acronyms/
AVON,avon,AUTOVON Service,,,,https://www.faa.gov/airports/resources/acronyms/
AVN,avn,"Aviation Standards National Field Office, Oklahoma City",,,,https://www.faa.gov/airports/resources/acronyms/
AWIS,awis,Airport Weather Information,,,,https://www.faa.gov/airports/resources/acronyms/
AWOS,awos,Automated Weather Observation System,,,,https://www.faa.gov/airports/resources/acronyms/
AWP,awp,Aviation Weather Processor,,,,https://www.faa.gov/airports/resources/acronyms/
AWPG,awpg,Aviation Weather Products Generator,,,,https://www.faa.gov/airports/resources/acronyms/
AWS,aws,Air Weather Station,,,,https://www.faa.gov/airports/resources/acronyms/
BANS,bans,BRITE Alphanumeric System,,,,https://www.faa.gov/airports/resources/acronyms/
BART,bart,Billing Analysis Reporting Tool (GSA software tool),,,,https://www.faa.gov/airports/resources/acronyms/
BASIC,basic,Basic Contract Observing Station,,,,https://www.faa.gov/airports/resources/acronyms/
BASOP,basop,Military Base Operations,,,,https://www.faa.gov/airports/resources/acronyms/
BCA,bca,Benefit/Cost Analysis,,,,https://www.faa.gov/airports/resources/acronyms/
BCR,bcr,Benefit/Cost Ratio,,,,https://www.faa.gov/airports/resources/acronyms/
BDAT,bdat,Digitized Beacon Data,,,,https://www.faa.gov/airports/resources/acronyms/
BMP,bmp,Best Management Practices,,,,https://www.faa.gov/airports/resources/acronyms/
BOC,boc,Bell Operating Company,,,,https://www.faa.gov/airports/resources/acronyms/
bps,bps,bits per second,,,,https://www.faa.gov/airports/resources/acronyms/
BRI,bri,Basic Rate Interface,,,,https://www.faa.gov/airports/resources/acronyms/
BRITE,brite,Bright Radar Indicator Terminal Equipment,,,,https://www.faa.gov/airports/resources/acronyms/
BRL,brl,Building Restriction Line,,,,https://www.faa.gov/airports/resources/acronyms/
BUEC,buec,up Emergency Communications,,,,https://www.faa.gov/airports/resources/acronyms/
BUECE,buece,up Emergency Communications Equipment,,,,https://www.faa.gov/airports/resources/acronyms/
CAA,caa,Civil Aviation Authority,Clean Air Act,,,https://www.faa.gov/airports/resources/acronyms/
CAB,cab,Civil Aeronautics Board,,,,https://www.faa.gov/airports/resources/acronyms/
CAC,cac,Citizen's Advisory Committee,,,,https://www.faa.gov/airports/resources/acronyms/
CAD,cad,Computer Aided Design,,,,https://www.faa.gov/airports/resources/acronyms/
CARF,carf,Central Altitude Reservation Facility,,,,https://www.faa.gov/airports/resources/acronyms/
CASFO,casfo,Civil Aviation Security Office,,,,https://www.faa.gov/airports/resources/acronyms/
CAT,cat,Category,Air Turbulence,,,https://www.faa.gov/airports/resources/acronyms/
CAU,cau,Crypto Ancillary Unit,,,,https://www.faa.gov/airports/resources/acronyms/
CBI,cbi,Computer Based Instruction,,,,https://www.faa.gov/airports/resources/acronyms/
CCC,ccc,Communications Command Center,,,,https://www.faa.gov/airports/resources/acronyms/
CCCC,cccc,Staff Communications,,,,https://www.faa.gov/airports/resources/acronyms/
CCCH,ccch,Central Computer Complex Host,,,,https://www.faa.gov/airports/resources/acronyms/
CC&O,cc&o,Customer Cost and Obligation,,,,https://www.faa.gov/airports/resources/acronyms/
CCSD,ccsd,Command Communications Service Designator,,,,https://www.faa.gov/airports/resources/acronyms/
CCS7--NI,ccs7--ni,Network Interconnect,,,,https://www.faa.gov/airports/resources/acronyms/
CCU,ccu,Central Control Unit,,,,https://www.faa.gov/airports/resources/acronyms/
CD,cd,Common Digitizer,,,,https://www.faa.gov/airports/resources/acronyms/
CDR,cdr,Cost Detail Report,,,,https://www.faa.gov/airports/resources/acronyms/
CDT,cdt,Controlled Departure Time,,,,https://www.faa.gov/airports/resources/acronyms/
CDTI,cdti,Cockpit Display of Traffic Information,,,,https://www.faa.gov/airports/resources/acronyms/
CENTX,centx,Central Telephone Exchange,,,,https://www.faa.gov/airports/resources/acronyms/
CEP,cep,Capacity Enhancement Program,,,,https://www.faa.gov/airports/resources/acronyms/
CEQ,ceq,Council on Environmental Quality,,,,https://www.faa.gov/airports/resources/acronyms/
CERAP,cerap,Center Radar Approach Control,Combined Center/Radar Approach Control,,,https://www.faa.gov/airports/resources/acronyms/
CFC,cfc,Central Flow Control,,,,https://www.faa.gov/airports/resources/acronyms/
CFCF,cfcf,Central Flow Control Facility,,,,https://www.faa.gov/airports/resources/acronyms/
CFCS,cfcs,Central Flow Control Service,,,,https://www.faa.gov/airports/resources/acronyms/
CFR,cfr,Code of Federal Regulations,,,,https://www.faa.gov/airports/resources/acronyms/
CFWP,cfwp,Central Flow Weather Processor,,,,https://www.faa.gov/airports/resources/acronyms/
CFWU,cfwu,Central Flow Weather Unit,,,,https://www.faa.gov/airports/resources/acronyms/
CGAS,cgas,Coast Guard Air Station,,,,https://www.faa.gov/airports/resources/acronyms/
CIP,cip,Capital Improvement Plan,,,,https://www.faa.gov/airports/resources/acronyms/
CLC,clc,Course Line Computer,,,,https://www.faa.gov/airports/resources/acronyms/
CLIN,clin,Contract Line Item,,,,https://www.faa.gov/airports/resources/acronyms/
CLT,clt,Calculated Landing Time,,,,https://www.faa.gov/airports/resources/acronyms/
CM,cm,Commercial Service Airport,,,,https://www.faa.gov/airports/resources/acronyms/
CNMPS,cnmps,Canadian Minimum Navigation Performance Specification Airspace,,,,https://www.faa.gov/airports/resources/acronyms/
CNS,cns,Consolidated NOTAM System,,,,https://www.faa.gov/airports/resources/acronyms/
CNSP,cnsp,Consolidated NOTAM System Processor,,,,https://www.faa.gov/airports/resources/acronyms/
CO,co,Central Office,,,,https://www.faa.gov/airports/resources/acronyms/
COE,coe,U.S. Army Corps of Engineers,,,,https://www.faa.gov/airports/resources/acronyms/
COMCO,comco,Command Communications Outlet,,,,https://www.faa.gov/airports/resources/acronyms/
CONUS,conus,Continental United States,,,,https://www.faa.gov/airports/resources/acronyms/
CORP,corp,Private Corporation other than ARINC or MITRE,,,,https://www.faa.gov/airports/resources/acronyms/
CPE,cpe,Customer Premise Equipment,,,,https://www.faa.gov/airports/resources/acronyms/
CPMIS,cpmis,Consolidated Personnel Management Information System,,,,https://www.faa.gov/airports/resources/acronyms/
CRA,cra,Conflict Resolution Advisory,,,,https://www.faa.gov/airports/resources/acronyms/
CRDA,crda,Converging Runway Display Aid,,,,https://www.faa.gov/airports/resources/acronyms/
CRT,crt,Cathode Ray Tube,,,,https://www.faa.gov/airports/resources/acronyms/
CSA,csa,Communications Service Authorization,,,,https://www.faa.gov/airports/resources/acronyms/
CSIS,csis,Centralized Storm Information System,,,,https://www.faa.gov/airports/resources/acronyms/
CSO,cso,Customer Service Office,,,,https://www.faa.gov/airports/resources/acronyms/
CSR,csr,Communications Service Request,,,,https://www.faa.gov/airports/resources/acronyms/
CSS,css,Central Site System,,,,https://www.faa.gov/airports/resources/acronyms/
C/S/S/N,c/s/s/n,Capacity/Safety/Security/Noise,,,,https://www.faa.gov/airports/resources/acronyms/
CTA,cta,Controlled Time of Arrival,Control Area,,,https://www.faa.gov/airports/resources/acronyms/
CTA/FIR,cta/fir,Control Area/Flight Information Region,,,,https://www.faa.gov/airports/resources/acronyms/
CTAF,ctaf,Common Traffic Advisory Frequency,,,,https://www.faa.gov/airports/resources/acronyms/
CTAS,ctas,Tracon Automation System,,,,https://www.faa.gov/airports/resources/acronyms/
CTMA,ctma,Center Traffic Management Advisor,,,,https://www.faa.gov/airports/resources/acronyms/
CUPS,cups,Consolidated Uniform Payroll System,,,,https://www.faa.gov/airports/resources/acronyms/
CVFR,cvfr,Controlled Visual Flight Rules,,,,https://www.faa.gov/airports/resources/acronyms/
CVTS,cvts,Compressed Video Transmission Service,,,,https://www.faa.gov/airports/resources/acronyms/
CWA,cwa,Clean Water Act,,,,https://www.faa.gov/airports/resources/acronyms/
CW,cw,Continuous Wave,,,,https://www.faa.gov/airports/resources/acronyms/
CWSU,cwsu,Central Weather Service Unit,,,,https://www.faa.gov/airports/resources/acronyms/
CWY,cwy,Clearway,,,,https://www.faa.gov/airports/resources/acronyms/
DA,da,Direct Access,Decision Altitude/Decision Height,Descent Advisor,,https://www.faa.gov/airports/resources/acronyms/
DABBS,dabbs,DITCO Automated Bulletin Board System,,,,https://www.faa.gov/airports/resources/acronyms/
DAIR,dair,Direct Altitude and Identity Readout,,,,https://www.faa.gov/airports/resources/acronyms/
DAR,dar,Designated Agency Representative,,,,https://www.faa.gov/airports/resources/acronyms/
DARC,darc,Direct Access Radar Channel,,,,https://www.faa.gov/airports/resources/acronyms/
dBA,dba,weighted,,,,https://www.faa.gov/airports/resources/acronyms/
DBCRC,dbcrc,Defense Base Closure and Realignment Commission,,,,https://www.faa.gov/airports/resources/acronyms/
DBE,dbe,Disadvantaged Business Enterprise,,,,https://www.faa.gov/airports/resources/acronyms/
DBMS,dbms,Data Base Management System,,,,https://www.faa.gov/airports/resources/acronyms/
DBRITE,dbrite,Digital Bright Radar Indicator Tower Equipment,,,,https://www.faa.gov/airports/resources/acronyms/
DCA,dca,Defense Communications Agency,,,,https://www.faa.gov/airports/resources/acronyms/
DCAA,dcaa,"Dual Call, Automatic Answer Device",,,,https://www.faa.gov/airports/resources/acronyms/
DCCU,dccu,Data Communications Control Unit,,,,https://www.faa.gov/airports/resources/acronyms/
DCE,dce,Data Communications Equipment,,,,https://www.faa.gov/airports/resources/acronyms/
DDA,dda,Dedicated Digital Access,,,,https://www.faa.gov/airports/resources/acronyms/
DDD,ddd,Direct Distance Dialing,,,,https://www.faa.gov/airports/resources/acronyms/
DDM,ddm,Difference in Depth of Modulation,,,,https://www.faa.gov/airports/resources/acronyms/
DDS,dds,Digital Data Service,,,,https://www.faa.gov/airports/resources/acronyms/
DEA,dea,Drug Enforcement Agency,,,,https://www.faa.gov/airports/resources/acronyms/
DEDS,deds,Data Entry and Display System,,,,https://www.faa.gov/airports/resources/acronyms/
DEIS,deis,Draft Environmental Impact Statement,,,,https://www.faa.gov/airports/resources/acronyms/
DEP,dep,Departure,,,,https://www.faa.gov/airports/resources/acronyms/
DEWIZ,dewiz,Distance Early Warning Identification Zone,,,,https://www.faa.gov/airports/resources/acronyms/
DF,df,Direction Finder,,,,https://www.faa.gov/airports/resources/acronyms/
DFAX,dfax,Digital Facsimile,,,,https://www.faa.gov/airports/resources/acronyms/
DFI,dfi,Direction Finding Indicator,,,,https://www.faa.gov/airports/resources/acronyms/
DGPS,dgps,Differential Global Positioning Satellite (System),,,,https://www.faa.gov/airports/resources/acronyms/
DH,dh,Decision Height,,,,https://www.faa.gov/airports/resources/acronyms/
DID,did,Direct Inward Dial,,,,https://www.faa.gov/airports/resources/acronyms/
DIP,dip,Drop and Insert Point,,,,https://www.faa.gov/airports/resources/acronyms/
DIRF,dirf,Direction Finding,,,,https://www.faa.gov/airports/resources/acronyms/
DITCO,ditco,Defense Information Technology Contracting Office Agency,,,,https://www.faa.gov/airports/resources/acronyms/
DME,dme,Distance Measuring Equipment,,,,https://www.faa.gov/airports/resources/acronyms/
DME/P,dme/p,Precision Distance Measuring Equipment,,,,https://www.faa.gov/airports/resources/acronyms/
DMN,dmn,Data Multiplexing Network,,,,https://www.faa.gov/airports/resources/acronyms/
DNL,dnl,Night Equivalent Sound Level (Also called Ldn),,,,https://www.faa.gov/airports/resources/acronyms/
DOD,dod,Direct Outward Dial,Department of Defense,,,https://www.faa.gov/airports/resources/acronyms/
DOI,doi,Department of Interior,,,,https://www.faa.gov/airports/resources/acronyms/
DOS,dos,Department of State,,,,https://www.faa.gov/airports/resources/acronyms/
DOT,dot,Department of Transportation,,,,https://www.faa.gov/airports/resources/acronyms/
DOTS,dots,Dynamic Ocean Tracking System,,,,https://www.faa.gov/airports/resources/acronyms/
DOTCC,dotcc,Department of Transportation Computer Center,,,,https://www.faa.gov/airports/resources/acronyms/
DSCS,dscs,Digital Satellite Compression Service,,,,https://www.faa.gov/airports/resources/acronyms/
DSUA,dsua,Dynamic Special Use Airspace,,,,https://www.faa.gov/airports/resources/acronyms/
DTS,dts,Dedicated Transmission Service,,,,https://www.faa.gov/airports/resources/acronyms/
DUAT,duat,Direct User Access Terminal,,,,https://www.faa.gov/airports/resources/acronyms/
DVFR,dvfr,Defense Visual Flight Rules,Day Visual Flight Rules,,,https://www.faa.gov/airports/resources/acronyms/
DVOR,dvor,Directional Range,,,,https://www.faa.gov/airports/resources/acronyms/
DYSIM,dysim,Dynamic Simulator,,,,https://www.faa.gov/airports/resources/acronyms/
E-MSAW,e-msaw,Route Automated Minimum Safe Altitude Warning,,,,https://www.faa.gov/airports/resources/acronyms/
EA,ea,Environmental Assessment,,,,https://www.faa.gov/airports/resources/acronyms/
EARTS,earts,En Route Automated Radar Tracking System,,,,https://www.faa.gov/airports/resources/acronyms/
ECOM,ecom,En Route Communications,,,,https://www.faa.gov/airports/resources/acronyms/
ECVFP,ecvfp,Expanded Charted Visual Flight Procedures,,,,https://www.faa.gov/airports/resources/acronyms/
EDCT,edct,Expedite Departure Path,,,,https://www.faa.gov/airports/resources/acronyms/
EFAS,efas,En Route Flight Advisory Service,,,,https://www.faa.gov/airports/resources/acronyms/
EFC,efc,Expect Further Clearance,,,,https://www.faa.gov/airports/resources/acronyms/
EFIS,efis,Electronic Flight Information Systems,,,,https://www.faa.gov/airports/resources/acronyms/
EIAF,eiaf,Expanded Inward Access Features,,,,https://www.faa.gov/airports/resources/acronyms/
EIS,eis,Environmental Impact Statement,,,,https://www.faa.gov/airports/resources/acronyms/
ELT,elt,Emergency Locator Transmitter,,,,https://www.faa.gov/airports/resources/acronyms/
ELWRT,elwrt,Electrowriter,,,,https://www.faa.gov/airports/resources/acronyms/
EMAS,emas,Engineered Materials Arresting System,,,,https://www.faa.gov/airports/resources/acronyms/
EMPS,emps,En Route Maintenance Processor System,,,,https://www.faa.gov/airports/resources/acronyms/
EMS,ems,Environmental Management System,,,,https://www.faa.gov/airports/resources/acronyms/
ENAV,enav,En Route Navigational Aids,,,,https://www.faa.gov/airports/resources/acronyms/
EPA,epa,Environmental Protection Agency,,,,https://www.faa.gov/airports/resources/acronyms/
EPS,eps,Engineered Performance Standards,,,,https://www.faa.gov/airports/resources/acronyms/
EOF,eof,Emergency Operating Facility,,,,https://www.faa.gov/airports/resources/acronyms/
EPSS,epss,Enhanced Packet Switched Service,,,,https://www.faa.gov/airports/resources/acronyms/
ERAD,erad,En Route Broadband Radar,,,,https://www.faa.gov/airports/resources/acronyms/
ESEC,esec,En Route Broadband Secondary Radar,,,,https://www.faa.gov/airports/resources/acronyms/
ESP,esp,En Route Spacing Program,,,,https://www.faa.gov/airports/resources/acronyms/
ESYS,esys,En Route Equipment Systems,,,,https://www.faa.gov/airports/resources/acronyms/
ESF,esf,Extended Superframe Format,,,,https://www.faa.gov/airports/resources/acronyms/
ETA,eta,Estimated Time of Arrival,,,,https://www.faa.gov/airports/resources/acronyms/
ETE,ete,Estimated Time En Route,,,,https://www.faa.gov/airports/resources/acronyms/
ETG,etg,Enhanced Target Generator,,,,https://www.faa.gov/airports/resources/acronyms/
ETMS,etms,Enhanced Traffic Management System,,,,https://www.faa.gov/airports/resources/acronyms/
ETN,etn,Electronic Telecommunications Network,,,,https://www.faa.gov/airports/resources/acronyms/
EVAS,evas,Enhanced Vortex Advisory System,,,,https://www.faa.gov/airports/resources/acronyms/
EVCS,evcs,Emergency Voice Communications System,,,,https://www.faa.gov/airports/resources/acronyms/
FAA,faa,Federal Aviation Administration,,,,https://www.faa.gov/airports/resources/acronyms/
F&E,f&e,Facilities and Equipment,,,,https://www.faa.gov/airports/resources/acronyms/
FAAAC,faaac,FAA Aeronautical Center,,,,https://www.faa.gov/airports/resources/acronyms/
FAACIS,faacis,FAA Communications Information System,,,,https://www.faa.gov/airports/resources/acronyms/
FAATC,faatc,FAA Technical Center,,,,https://www.faa.gov/airports/resources/acronyms/
FAATSAT,faatsat,FAA Telecommunications Satellite,,,,https://www.faa.gov/airports/resources/acronyms/
FAC,fac,Facility,,,,https://www.faa.gov/airports/resources/acronyms/
FAF,faf,Final Approach Fix,,,,https://www.faa.gov/airports/resources/acronyms/
FAP,fap,Final Approach Point,,,,https://www.faa.gov/airports/resources/acronyms/
FAPM,fapm,FTS2000 Associate Program Manager,,,,https://www.faa.gov/airports/resources/acronyms/
FAR,far,Federal Aviation Regulation,,,,https://www.faa.gov/airports/resources/acronyms/
FAST,fast,Final Approach Spacing Tool,,,,https://www.faa.gov/airports/resources/acronyms/
FATO,fato,Final Approach and Take Off,,,,https://www.faa.gov/airports/resources/acronyms/
FAX,fax,Facsimile Equipment,,,,https://www.faa.gov/airports/resources/acronyms/
FBO,fbo,Fixed Base Operator,,,,https://www.faa.gov/airports/resources/acronyms/
FBS,fbs,Fall Back Switch,,,,https://www.faa.gov/airports/resources/acronyms/
FCC,fcc,Federal Communications Commission,,,,https://www.faa.gov/airports/resources/acronyms/
FCLT,fclt,Freeze Calculated Landing Time,,,,https://www.faa.gov/airports/resources/acronyms/
FCOM,fcom,FSS Radio Voice Communications,,,,https://www.faa.gov/airports/resources/acronyms/
FCPU,fcpu,Facility Central Processing Unit,,,,https://www.faa.gov/airports/resources/acronyms/
FDAT,fdat,Flight Data Entry and Printout (FDEP) and Flight Data Service,,,,https://www.faa.gov/airports/resources/acronyms/
FDE,fde,Flight Data Entry,,,,https://www.faa.gov/airports/resources/acronyms/
FDEP,fdep,Flight Data Entry and Printout,,,,https://www.faa.gov/airports/resources/acronyms/
FDIO,fdio,Flight Data Input/Output,,,,https://www.faa.gov/airports/resources/acronyms/
FDIOC,fdioc,Flight Data Input/Output Center,,,,https://www.faa.gov/airports/resources/acronyms/
FDIOR,fdior,Flight Data Input/Output Remote,,,,https://www.faa.gov/airports/resources/acronyms/
FDM,fdm,Frequency Division Multiplexing,,,,https://www.faa.gov/airports/resources/acronyms/
FDP,fdp,Flight Data Processing,,,,https://www.faa.gov/airports/resources/acronyms/
FED,fed,Federal,,,,https://www.faa.gov/airports/resources/acronyms/
FEIS,feis,Final Environmental Impact Statement,,,,https://www.faa.gov/airports/resources/acronyms/
FEP,fep,Front End Processor,,,,https://www.faa.gov/airports/resources/acronyms/
FFAC,ffac,From Facility,,,,https://www.faa.gov/airports/resources/acronyms/
FIFO,fifo,Flight Inspection Field Office,,,,https://www.faa.gov/airports/resources/acronyms/
FIG,fig,Flight Inspection Group,,,,https://www.faa.gov/airports/resources/acronyms/
FINO,fino,Flight Inspection National Field Office,,,,https://www.faa.gov/airports/resources/acronyms/
FIPS,fips,Federal Information Publication Standard,,,,https://www.faa.gov/airports/resources/acronyms/
FIR,fir,Flight Information Region,,,,https://www.faa.gov/airports/resources/acronyms/
FIRE,fire,Fire Station,,,,https://www.faa.gov/airports/resources/acronyms/
FIRMR,firmr,Federal Information Resource Management Regulation,,,,https://www.faa.gov/airports/resources/acronyms/
FL,fl,Flight Level,,,,https://www.faa.gov/airports/resources/acronyms/
FLOWSIM,flowsim,Traffic Flow Planning Simulation,,,,https://www.faa.gov/airports/resources/acronyms/
FMA,fma,Final Monitor Aid,,,,https://www.faa.gov/airports/resources/acronyms/
FMF,fmf,Facility Master File,,,,https://www.faa.gov/airports/resources/acronyms/
FMIS,fmis,FTS2000 Management Information System,,,,https://www.faa.gov/airports/resources/acronyms/
FMS,fms,Flight management System,,,,https://www.faa.gov/airports/resources/acronyms/
FNMS,fnms,FTS2000 Network Management System,,,,https://www.faa.gov/airports/resources/acronyms/
FOIA,foia,Freedom Of Information Act,,,,https://www.faa.gov/airports/resources/acronyms/
FONSI,fonsi,Finding of No Significant Impact,,,,https://www.faa.gov/airports/resources/acronyms/
FP,fp,Flight Plan,,,,https://www.faa.gov/airports/resources/acronyms/
FRC,frc,Request Full Route Clearance,,,,https://www.faa.gov/airports/resources/acronyms/
FSAS,fsas,Flight Service Automation System,,,,https://www.faa.gov/airports/resources/acronyms/
FSDO,fsdo,Flight Standards District Office,,,,https://www.faa.gov/airports/resources/acronyms/
FSDPS,fsdps,Flight Service Data Processing System,,,,https://www.faa.gov/airports/resources/acronyms/
FSEP,fsep,Facility/Service/Equipment Profile,,,,https://www.faa.gov/airports/resources/acronyms/
FSP,fsp,Flight Strip Printer,,,,https://www.faa.gov/airports/resources/acronyms/
FSPD,fspd,Freeze Speed Parameter,,,,https://www.faa.gov/airports/resources/acronyms/
FSS,fss,Flight Service Station,,,,https://www.faa.gov/airports/resources/acronyms/
FSSA,fssa,Flight Service Station Automated Service,,,,https://www.faa.gov/airports/resources/acronyms/
FSTS,fsts,Federal Secure Telephone Service,,,,https://www.faa.gov/airports/resources/acronyms/
FSYS,fsys,Flight Service Station Equipment Systems,,,,https://www.faa.gov/airports/resources/acronyms/
FTS,fts,Federal Telecommunications System,,,,https://www.faa.gov/airports/resources/acronyms/
FTS2000,fts2000,Federal Telecommunications System 2000,,,,https://www.faa.gov/airports/resources/acronyms/
FUS,fus,Functional Units or Systems,,,,https://www.faa.gov/airports/resources/acronyms/
FWCS,fwcs,Flight Watch Control Station,,,,https://www.faa.gov/airports/resources/acronyms/
GA,ga,General Aviation,,,,https://www.faa.gov/airports/resources/acronyms/
GAA,gaa,General Aviation Activity,,,,https://www.faa.gov/airports/resources/acronyms/
GAAA,gaaa,General Aviation Activity and Avionics,,,,https://www.faa.gov/airports/resources/acronyms/
GADO,gado,General Aviation District Office,,,,https://www.faa.gov/airports/resources/acronyms/
GCA,gca,Ground Control Approach,,,,https://www.faa.gov/airports/resources/acronyms/
GIS,gis,Geographic Information System,,,,https://www.faa.gov/airports/resources/acronyms/
GNAS,gnas,General National Airspace System,,,,https://www.faa.gov/airports/resources/acronyms/
GNSS,gnss,Global Navigation Satellite System,,,,https://www.faa.gov/airports/resources/acronyms/
GOES,goes,Geostationary Operational Environmental Satellite,,,,https://www.faa.gov/airports/resources/acronyms/
GOESF,goesf,GOES Feed Point,,,,https://www.faa.gov/airports/resources/acronyms/
GOEST,goest,GOES Terminal Equipment,,,,https://www.faa.gov/airports/resources/acronyms/
GPRA,gpra,Government Performance Results Act,,,,https://www.faa.gov/airports/resources/acronyms/
GPS,gps,Global Positioning System,,,,https://www.faa.gov/airports/resources/acronyms/
GPWS,gpws,Ground Proximity Warning System,,,,https://www.faa.gov/airports/resources/acronyms/
GRADE,grade,Graphical Airspace Design Environment,,,,https://www.faa.gov/airports/resources/acronyms/
GS,gs,Glide Slope Indicator,,,,https://www.faa.gov/airports/resources/acronyms/
GSA,gsa,General Services Administration,,,,https://www.faa.gov/airports/resources/acronyms/
GSE,gse,Ground Support Equipment,,,,https://www.faa.gov/airports/resources/acronyms/
H,h,Directional Radio Homing Beacon (NDB),,,,https://www.faa.gov/airports/resources/acronyms/
HAA,haa,Height Above Airport,,,,https://www.faa.gov/airports/resources/acronyms/
HAL,hal,Height Above Landing,,,,https://www.faa.gov/airports/resources/acronyms/
HARS,hars,High Altitude Route System,,,,https://www.faa.gov/airports/resources/acronyms/
HAT,hat,Height Above Touchdown,,,,https://www.faa.gov/airports/resources/acronyms/
HAZMAT,hazmat,Hazardous Material,,,,https://www.faa.gov/airports/resources/acronyms/
HCAP,hcap,High Capacity Carriers,,,,https://www.faa.gov/airports/resources/acronyms/
HLDC,hldc,High Level Data Link Control,,,,https://www.faa.gov/airports/resources/acronyms/
HDME,hdme,NDB with Distance Measuring Equipment,,,,https://www.faa.gov/airports/resources/acronyms/
HDQ,hdq,FAA Headquarters,,,,https://www.faa.gov/airports/resources/acronyms/
HELI,heli,Heliport,,,,https://www.faa.gov/airports/resources/acronyms/
HF,hf,High Frequency,,,,https://www.faa.gov/airports/resources/acronyms/
HH,hh,"NDB, 2kw or More",,,,https://www.faa.gov/airports/resources/acronyms/
HI--EFAS,hi--efas,High Altitude EFAS,,,,https://www.faa.gov/airports/resources/acronyms/
HOV,hov,High Occupancy Vehicle,,,,https://www.faa.gov/airports/resources/acronyms/
HPZ,hpz,Heliport Protection Zone,,,,https://www.faa.gov/airports/resources/acronyms/
HSI,hsi,Horizontal Situation Indicators,,,,https://www.faa.gov/airports/resources/acronyms/
HUD,hud,Housing and Urban Development,,,,https://www.faa.gov/airports/resources/acronyms/
HWAS,hwas,Flight Weather Advisory,,,,https://www.faa.gov/airports/resources/acronyms/
Hz,hz,HERTZ,,,,https://www.faa.gov/airports/resources/acronyms/
IA,ia,Indirect Access,,,,https://www.faa.gov/airports/resources/acronyms/
IAF,iaf,Initial Approach Fix,,,,https://www.faa.gov/airports/resources/acronyms/
I/AFSS,i/afss,International AFSS,,,,https://www.faa.gov/airports/resources/acronyms/
IAP,iap,Instrument Approach Procedures,,,,https://www.faa.gov/airports/resources/acronyms/
IAPA,iapa,Instrument Approach Procedures Automation,,,,https://www.faa.gov/airports/resources/acronyms/
IBM,ibm,International Business Machines,,,,https://www.faa.gov/airports/resources/acronyms/
IBP,ibp,International Boundary Point,,,,https://www.faa.gov/airports/resources/acronyms/
IBR,ibr,Intermediate Bit Rate,,,,https://www.faa.gov/airports/resources/acronyms/
ICAO,icao,International Civil Aviation Organization,,,,https://www.faa.gov/airports/resources/acronyms/
ICSS,icss,International Communications Switching Systems,,,,https://www.faa.gov/airports/resources/acronyms/
IDAT,idat,Interfacility Data,,,,https://www.faa.gov/airports/resources/acronyms/
IF,if,Intermediate Fix,,,,https://www.faa.gov/airports/resources/acronyms/
IFCP,ifcp,Interfacility Communications Processor,,,,https://www.faa.gov/airports/resources/acronyms/
IFDS,ifds,Interfacility Data System,,,,https://www.faa.gov/airports/resources/acronyms/
IFEA,ifea,Flight Emergency Assistance,,,,https://www.faa.gov/airports/resources/acronyms/
IFO,ifo,International Field Office,,,,https://www.faa.gov/airports/resources/acronyms/
IFR,ifr,Instrument Flight Rules,,,,https://www.faa.gov/airports/resources/acronyms/
IFSS,ifss,International Flight Service Station,,,,https://www.faa.gov/airports/resources/acronyms/
ILS,ils,Instrument Landing System,,,,https://www.faa.gov/airports/resources/acronyms/
IM,im,Inner Marker,,,,https://www.faa.gov/airports/resources/acronyms/
IMC,imc,Instrument Meteorological Conditions,,,,https://www.faa.gov/airports/resources/acronyms/
INM,inm,Integrated Noise Model,,,,https://www.faa.gov/airports/resources/acronyms/
INS,ins,Inertial Navigation System,,,,https://www.faa.gov/airports/resources/acronyms/
IRMP,irmp,Information Resources Management Plan,,,,https://www.faa.gov/airports/resources/acronyms/
ISDN,isdn,Integrated Services Digital Network,,,,https://www.faa.gov/airports/resources/acronyms/
ISMLS,ismls,Interim Standard Microwave Landing System,,,,https://www.faa.gov/airports/resources/acronyms/
ITI,iti,Interactive Terminal Interface,,,,https://www.faa.gov/airports/resources/acronyms/
IVRS,ivrs,Interim Voice Response System,,,,https://www.faa.gov/airports/resources/acronyms/
IW,iw,Inside Wiring,,,,https://www.faa.gov/airports/resources/acronyms/
Kbps,kbps,Kilobits Per Second,,,,https://www.faa.gov/airports/resources/acronyms/
Khz,khz,Kilohertz,,,,https://www.faa.gov/airports/resources/acronyms/
KVDT,kvdt,Keyboard Video Display Terminal,,,,https://www.faa.gov/airports/resources/acronyms/
LAA,laa,Local Airport Advisory,,,,https://www.faa.gov/airports/resources/acronyms/
LAAS,laas,Low Altitude Alert System,,,,https://www.faa.gov/airports/resources/acronyms/
LABS,labs,Leased A B Service,,,,https://www.faa.gov/airports/resources/acronyms/
LABSC,labsc,200 Computer,,,,https://www.faa.gov/airports/resources/acronyms/
LABSR,labsr,LABS Remote Equipment,,,,https://www.faa.gov/airports/resources/acronyms/
LABSW,labsw,LABS Switch System,,,,https://www.faa.gov/airports/resources/acronyms/
LAHSO,lahso,Land and Hold Short Operation,,,,https://www.faa.gov/airports/resources/acronyms/
LAN,lan,Local Area Network,,,,https://www.faa.gov/airports/resources/acronyms/
LATA,lata,Local Access and Transport Area,,,,https://www.faa.gov/airports/resources/acronyms/
LAWRS,lawrs,Limited Aviation Weather Reporting System,,,,https://www.faa.gov/airports/resources/acronyms/
LBA,lba,Bearing Area,,,,https://www.faa.gov/airports/resources/acronyms/
LCF,lcf,Local Control Facility,,,,https://www.faa.gov/airports/resources/acronyms/
LCN,lcn,Local Communications Network,,,,https://www.faa.gov/airports/resources/acronyms/
LDA,lda,Localizer Directional Aid,Landing Directional Aid,,,https://www.faa.gov/airports/resources/acronyms/
LDIN,ldin,in Lights,,,,https://www.faa.gov/airports/resources/acronyms/
LEC,lec,Local Exchange Carrier,,,,https://www.faa.gov/airports/resources/acronyms/
LF,lf,Low Frequency,,,,https://www.faa.gov/airports/resources/acronyms/
LINCS,lincs,Leased Interfacility NAS Communications System,,,,https://www.faa.gov/airports/resources/acronyms/
LIS,lis,Logistics and Inventory System,,,,https://www.faa.gov/airports/resources/acronyms/
LLWAS,llwas,Low Level Wind Shear Alert System,,,,https://www.faa.gov/airports/resources/acronyms/
LM/MS,lm/ms,Low/Medium Frequency,,,,https://www.faa.gov/airports/resources/acronyms/
LMM,lmm,Locator Middle Marker,,,,https://www.faa.gov/airports/resources/acronyms/
LMS,lms,LORAN Monitor Site,,,,https://www.faa.gov/airports/resources/acronyms/
LOC,loc,Localizer,,,,https://www.faa.gov/airports/resources/acronyms/
LOCID,locid,Location Identifier,,,,https://www.faa.gov/airports/resources/acronyms/
LOI,loi,Letter of Intent,,,,https://www.faa.gov/airports/resources/acronyms/
LOM,lom,Compass Locator at Outer Marker,,,,https://www.faa.gov/airports/resources/acronyms/
LORAN,loran,Long Range Aid to Navigation,,,,https://www.faa.gov/airports/resources/acronyms/
LPV,lpv,Lateral Precision Performance with Vertical Guidance,,,,https://www.faa.gov/airports/resources/acronyms/
LRCO,lrco,Limited Remote Communications Outlet,,,,https://www.faa.gov/airports/resources/acronyms/
LRNAV,lrnav,Long Range Navigation,,,,https://www.faa.gov/airports/resources/acronyms/
LRR,lrr,Long Range Radar,,,,https://www.faa.gov/airports/resources/acronyms/
MAA,maa,Maximum Authorized Altitude,,,,https://www.faa.gov/airports/resources/acronyms/
MALS,mals,Medium Intensity Approach Lighting System,,,,https://www.faa.gov/airports/resources/acronyms/
MALSF,malsf,MALS with Sequenced Flashers,,,,https://www.faa.gov/airports/resources/acronyms/
MALSR,malsr,MALS with Runway Alignment Indicator Lights,,,,https://www.faa.gov/airports/resources/acronyms/
MAP,map,Maintenance Automation Program,Military Airport Program,Missed Approach Point,Modified Access Pricing,https://www.faa.gov/airports/resources/acronyms/
Mbps,mbps,Megabits Per Second,,,,https://www.faa.gov/airports/resources/acronyms/
MCA,mca,Minimum Crossing Altitude,,,,https://www.faa.gov/airports/resources/acronyms/
MCAS,mcas,Marine Corps Air Station,,,,https://www.faa.gov/airports/resources/acronyms/
MCC,mcc,Maintenance Control Center,,,,https://www.faa.gov/airports/resources/acronyms/
MCL,mcl,Middle Compass Locater,,,,https://www.faa.gov/airports/resources/acronyms/
MCS,mcs,Maintenance and Control System,,,,https://www.faa.gov/airports/resources/acronyms/
MDA,mda,Minimum Descent Altitude,,,,https://www.faa.gov/airports/resources/acronyms/
MDT,mdt,Maintenance Data Terminal,,,,https://www.faa.gov/airports/resources/acronyms/
MEA,mea,Minimum En Route Altitude,,,,https://www.faa.gov/airports/resources/acronyms/
METI,meti,Meteorological Information,,,,https://www.faa.gov/airports/resources/acronyms/
MF,mf,Middle Frequency,,,,https://www.faa.gov/airports/resources/acronyms/
MFJ,mfj,Modified Final Judgment,,,,https://www.faa.gov/airports/resources/acronyms/
MFT,mft,Meter Fix Crossing Time/Slot Time,,,,https://www.faa.gov/airports/resources/acronyms/
MHA,mha,Minimum Holding Altitude,,,,https://www.faa.gov/airports/resources/acronyms/
Mhg,mhg,MegHERTZ,,,,https://www.faa.gov/airports/resources/acronyms/
MIA,mia,Minimum IFR Altitudes,,,,https://www.faa.gov/airports/resources/acronyms/
MIDO,mido,Manufacturing Inspection District Office,,,,https://www.faa.gov/airports/resources/acronyms/
MIS,mis,Meteorological Impact Statement,,,,https://www.faa.gov/airports/resources/acronyms/
MISC,misc,Miscellaneous,,,,https://www.faa.gov/airports/resources/acronyms/
MISO,miso,Manufacturing Inspection Satellite Office,,,,https://www.faa.gov/airports/resources/acronyms/
MIT,mit,Miles In Trail,,,,https://www.faa.gov/airports/resources/acronyms/
MITRE,mitre,Mitre Corporation,,,,https://www.faa.gov/airports/resources/acronyms/
MLS,mls,Microwave Landing System,,,,https://www.faa.gov/airports/resources/acronyms/
MM,mm,Middle Marker,,,,https://www.faa.gov/airports/resources/acronyms/
MMC,mmc,Maintenance Monitoring Console,,,,https://www.faa.gov/airports/resources/acronyms/
MMS,mms,Maintenance Monitoring System,,,,https://www.faa.gov/airports/resources/acronyms/
MNPS,mnps,Minimum Navigation Performance Specification,,,,https://www.faa.gov/airports/resources/acronyms/
MNPSA,mnpsa,Minimum Navigation Performance Specifications Airspace,,,,https://www.faa.gov/airports/resources/acronyms/
MOA,moa,Memorandum of Agreement,Military Operations Area,,,https://www.faa.gov/airports/resources/acronyms/
MOCA,moca,Minimum Obstruction Clearance Altitude,,,,https://www.faa.gov/airports/resources/acronyms/
MODE C,mode c,Encoded Beacon Reply,Altitude Reporting Mode of Secondary Radar,,,https://www.faa.gov/airports/resources/acronyms/
MODE S,mode s,Mode Select Beacon System,,,,https://www.faa.gov/airports/resources/acronyms/
MOU,mou,Memorandum of Understanding,,,,https://www.faa.gov/airports/resources/acronyms/
MPO,mpo,Metropolitan Planning Organization,,,,https://www.faa.gov/airports/resources/acronyms/
MPS,mps,Maintenance Processor Subsystem (OR) Master Plan Supplement,,,,https://www.faa.gov/airports/resources/acronyms/
MRA,mra,Minimum Reception Altitude,,,,https://www.faa.gov/airports/resources/acronyms/
MRC,mrc,Monthly Recurring Charge,,,,https://www.faa.gov/airports/resources/acronyms/
MSA,msa,Minimum Safe Altitude,,,,https://www.faa.gov/airports/resources/acronyms/
MSAW,msaw,Minimum Safe Altitude Warning,,,,https://www.faa.gov/airports/resources/acronyms/
MSL,msl,Mean Sea Level,,,,https://www.faa.gov/airports/resources/acronyms/
MSN,msn,Message Switching Network,,,,https://www.faa.gov/airports/resources/acronyms/
MTCS,mtcs,Modular Terminal Communications System,,,,https://www.faa.gov/airports/resources/acronyms/
MTI,mti,Moving Target Indicator,,,,https://www.faa.gov/airports/resources/acronyms/
MUX,mux,Multiplexor,,,,https://www.faa.gov/airports/resources/acronyms/
MVA,mva,Minimum Vectoring Altitude,,,,https://www.faa.gov/airports/resources/acronyms/
MVFR,mvfr,Marginal Visual Flight Rules,,,,https://www.faa.gov/airports/resources/acronyms/
NAAQS,naaqs,National Ambient Air Quality Standards,,,,https://www.faa.gov/airports/resources/acronyms/
NADA,nada,NADIN Concentrator,,,,https://www.faa.gov/airports/resources/acronyms/
NADIN,nadin,National Airspace Data Interchange Network,,,,https://www.faa.gov/airports/resources/acronyms/
NADSW,nadsw,NADIN Switches,,,,https://www.faa.gov/airports/resources/acronyms/
NAILS,nails,National Airspace Integrated Logistics Support,,,,https://www.faa.gov/airports/resources/acronyms/
NAMS,nams,NADIN IA,,,,https://www.faa.gov/airports/resources/acronyms/
NAPRS,naprs,National Airspace Performance Reporting System,,,,https://www.faa.gov/airports/resources/acronyms/
NAS,nas,National Airspace System or Naval Air Station,,,,https://www.faa.gov/airports/resources/acronyms/
NASDC,nasdc,National Aviation Safety Data,,,,https://www.faa.gov/airports/resources/acronyms/
NASP,nasp,National Airspace System Plan,,,,https://www.faa.gov/airports/resources/acronyms/
NASPAC,naspac,National Airspace System Performance Analysis Capability,,,,https://www.faa.gov/airports/resources/acronyms/
NATCO,natco,National Communications Switching Center,,,,https://www.faa.gov/airports/resources/acronyms/
NAVAID,navaid,Navigational Aid,,,,https://www.faa.gov/airports/resources/acronyms/
NAVMN,navmn,Navigation Monitor and Control,,,,https://www.faa.gov/airports/resources/acronyms/
NAWAU,nawau,National Aviation Weather Advisory Unit,,,,https://www.faa.gov/airports/resources/acronyms/
NAWPF,nawpf,National Aviation Weather Processing Facility,,,,https://www.faa.gov/airports/resources/acronyms/
NCAR,ncar,"National Center for Atmospheric Research; Boulder, CO",,,,https://www.faa.gov/airports/resources/acronyms/
NCF,ncf,National Control Facility,,,,https://www.faa.gov/airports/resources/acronyms/
NCIU,nciu,NEXRAD Communications Interface Unit,,,,https://www.faa.gov/airports/resources/acronyms/
NCP,ncp,Noise Compatibility Program,,,,https://www.faa.gov/airports/resources/acronyms/
NCS,ncs,National Communications System,,,,https://www.faa.gov/airports/resources/acronyms/
NDB,ndb,Directional Radio Homing Beacon,,,,https://www.faa.gov/airports/resources/acronyms/
NDNB,ndnb,NADIN II,,,,https://www.faa.gov/airports/resources/acronyms/
NEM,nem,Noise Exposure Map,,,,https://www.faa.gov/airports/resources/acronyms/
NEPA,nepa,National Environmental Policy Act,,,,https://www.faa.gov/airports/resources/acronyms/
NEXRAD,nexrad,Next Generation Weather Radar,,,,https://www.faa.gov/airports/resources/acronyms/
NFAX,nfax,National Facsimile Service,,,,https://www.faa.gov/airports/resources/acronyms/
NFDC,nfdc,National Flight Data Center,,,,https://www.faa.gov/airports/resources/acronyms/
NFIS,nfis,NAS Facilities Information System,,,,https://www.faa.gov/airports/resources/acronyms/
NI,ni,Network Interface,,,,https://www.faa.gov/airports/resources/acronyms/
NICS,nics,National Interfacility Communications System,,,,https://www.faa.gov/airports/resources/acronyms/
NM,nm,Nautical Mile,,,,https://www.faa.gov/airports/resources/acronyms/
NMAC,nmac,Near Mid Air Collision,,,,https://www.faa.gov/airports/resources/acronyms/
NMC,nmc,National Meteorological Center,,,,https://www.faa.gov/airports/resources/acronyms/
NMCE,nmce,Network Monitoring and Control Equipment,,,,https://www.faa.gov/airports/resources/acronyms/
NMCS,nmcs,Network Monitoring and Control System,,,,https://www.faa.gov/airports/resources/acronyms/
NOAA,noaa,National Oceanic and Atmospheric Administration,,,,https://www.faa.gov/airports/resources/acronyms/
NOC,noc,Notice Of Completion,,,,https://www.faa.gov/airports/resources/acronyms/
NOTAM,notam,Notice to Airmen,,,,https://www.faa.gov/airports/resources/acronyms/
NPDES,npdes,National Pollutant Discharge Elimination System,,,,https://www.faa.gov/airports/resources/acronyms/
NPE,npe,primary Airport Entitlement,,,,https://www.faa.gov/airports/resources/acronyms/
NPIAS,npias,National Plan of Integrated Airport Systems,,,,https://www.faa.gov/airports/resources/acronyms/
NPRM,nprm,Notice of Proposed Rulemaking,,,,https://www.faa.gov/airports/resources/acronyms/
NR,nr,Rulemaking; refers to a type of airport airspace analysis case,,,,https://www.faa.gov/airports/resources/acronyms/
NRA,nra,Rulemaking Airport; refers to a type of airport airspace analysis case,,,,https://www.faa.gov/airports/resources/acronyms/
NRC,nrc,Recurring Charge,,,,https://www.faa.gov/airports/resources/acronyms/
NRCS,nrcs,National Radio Communications Systems,,,,https://www.faa.gov/airports/resources/acronyms/
NSAP,nsap,National Service Assurance Plan,,,,https://www.faa.gov/airports/resources/acronyms/
NSRCATN,nsrcatn,National Strategy to Reduce Congestion on America's Transportation Network,,,,https://www.faa.gov/airports/resources/acronyms/
NSSFC,nssfc,National Severe Storms Forecast Center,,,,https://www.faa.gov/airports/resources/acronyms/
NSSL,nssl,"National Severe Storms Laboratory; Norman, OK",,,,https://www.faa.gov/airports/resources/acronyms/
NTAP,ntap,Notices To Airmen Publication,,,,https://www.faa.gov/airports/resources/acronyms/
NTP,ntp,National Transportation Policy,,,,https://www.faa.gov/airports/resources/acronyms/
NTSB,ntsb,National Transportation Safety Board,,,,https://www.faa.gov/airports/resources/acronyms/
NTZ,ntz,No Transgression Zone,,,,https://www.faa.gov/airports/resources/acronyms/
NWS,nws,National Weather Service,,,,https://www.faa.gov/airports/resources/acronyms/
NWSR,nwsr,NWS Weather Excluding NXRD,,,,https://www.faa.gov/airports/resources/acronyms/
NSWRH,nswrh,NWS Regional Headquarters,,,,https://www.faa.gov/airports/resources/acronyms/
NXRD,nxrd,Advanced Weather Radar System,,,,https://www.faa.gov/airports/resources/acronyms/
OAG,oag,Official Airline Guide,,,,https://www.faa.gov/airports/resources/acronyms/
OALT,oalt,Operational Acceptable Level of Traffic,,,,https://www.faa.gov/airports/resources/acronyms/
OAW,oaw,airway Weather Station,,,,https://www.faa.gov/airports/resources/acronyms/
ODAL,odal,Omnidirectional Approach Lighting System,,,,https://www.faa.gov/airports/resources/acronyms/
ODAPS,odaps,Oceanic Display and Processing Station,,,,https://www.faa.gov/airports/resources/acronyms/
OEI,oei,One Engine Inoperative,,,,https://www.faa.gov/airports/resources/acronyms/
OEP,oep,Operational Evolution Plan / Partnership,,,,https://www.faa.gov/airports/resources/acronyms/
OFA,ofa,Object Free Area,,,,https://www.faa.gov/airports/resources/acronyms/
OFDPS,ofdps,Offshore Flight Data Processing System,,,,https://www.faa.gov/airports/resources/acronyms/
OFT,oft,Outer Fix Time,,,,https://www.faa.gov/airports/resources/acronyms/
OFZ,ofz,Obstacle Free Zone,,,,https://www.faa.gov/airports/resources/acronyms/
OM,om,Outer Marker,,,,https://www.faa.gov/airports/resources/acronyms/
OMB,omb,Office of Management and Budget,,,,https://www.faa.gov/airports/resources/acronyms/
ONER,oner,Oceanic Navigational Error Report,,,,https://www.faa.gov/airports/resources/acronyms/
OPLT,oplt,Operational Acceptable Level of Traffic,,,,https://www.faa.gov/airports/resources/acronyms/
OPSW,opsw,Operational Switch,,,,https://www.faa.gov/airports/resources/acronyms/
OPX,opx,Off Premises Exchange,,,,https://www.faa.gov/airports/resources/acronyms/
ORD,ord,Operational Readiness Demonstration,,,,https://www.faa.gov/airports/resources/acronyms/
OTR,otr,Oceanic Transition Route,,,,https://www.faa.gov/airports/resources/acronyms/
OTS,ots,Organized Track System,,,,https://www.faa.gov/airports/resources/acronyms/
PABX,pabx,Private Automated Branch Exchange,,,,https://www.faa.gov/airports/resources/acronyms/
PAD,pad,Packet Assembler/Disassembler,,,,https://www.faa.gov/airports/resources/acronyms/
PAL,pal,Planning Activity Level,,,,https://www.faa.gov/airports/resources/acronyms/
PAM,pam,Peripheral Adapter Module,,,,https://www.faa.gov/airports/resources/acronyms/
PAPI,papi,Precision Approach Path Indicator,,,,https://www.faa.gov/airports/resources/acronyms/
PAR,par,Precision Approach Radar,Preferential Arrival Route,,,https://www.faa.gov/airports/resources/acronyms/
PATWAS,patwas,Pilots Automatic Telephone Weather Answering Service,,,,https://www.faa.gov/airports/resources/acronyms/
PBB,pbb,Passenger Boarding Bridge,,,,https://www.faa.gov/airports/resources/acronyms/
PBCT,pbct,Proposed Boundary Crossing Time,,,,https://www.faa.gov/airports/resources/acronyms/
PBRF,pbrf,Pilot Briefing,,,,https://www.faa.gov/airports/resources/acronyms/
PBX,pbx,Private Branch Exchange,,,,https://www.faa.gov/airports/resources/acronyms/
PCA,pca,Positive Control Airspace,,,,https://www.faa.gov/airports/resources/acronyms/
PCC,pcc,Portland Cement Concrete,,,,https://www.faa.gov/airports/resources/acronyms/
PCM,pcm,Pulse Code Modulation,,,,https://www.faa.gov/airports/resources/acronyms/
PDAR,pdar,Preferential Arrival And Departure Route,,,,https://www.faa.gov/airports/resources/acronyms/
PDC,pdc,Departure Clearance,Program Designator Code,,,https://www.faa.gov/airports/resources/acronyms/
PDR,pdr,Preferential Departure Route,,,,https://www.faa.gov/airports/resources/acronyms/
PDN,pdn,Public Data Network,,,,https://www.faa.gov/airports/resources/acronyms/
PFC,pfc,Passenger Facility Charge,,,,https://www.faa.gov/airports/resources/acronyms/
PGP,pgp,Planning Grant Program,,,,https://www.faa.gov/airports/resources/acronyms/
PIC,pic,Principal Interexchange Carrier,,,,https://www.faa.gov/airports/resources/acronyms/
PIDP,pidp,Programmable Indicator Data Processor,,,,https://www.faa.gov/airports/resources/acronyms/
PIREP,pirep,Pilot Weather Report,,,,https://www.faa.gov/airports/resources/acronyms/
PMS,pms,Program Management System,,,,https://www.faa.gov/airports/resources/acronyms/
POLIC,polic,Police Station,,,,https://www.faa.gov/airports/resources/acronyms/
POP,pop,Point Of Presence,,,,https://www.faa.gov/airports/resources/acronyms/
POT,pot,Point Of Termination,,,,https://www.faa.gov/airports/resources/acronyms/
PPIMS,ppims,Personal Property Information Management System,,,,https://www.faa.gov/airports/resources/acronyms/
PR,pr,Primary Commercial Service Airport,,,,https://www.faa.gov/airports/resources/acronyms/
PRI,pri,Primary Rate Interface,,,,https://www.faa.gov/airports/resources/acronyms/
PRM,prm,Precision Runway Monitor,,,,https://www.faa.gov/airports/resources/acronyms/
PSDN,psdn,Public Switched Data Network,,,,https://www.faa.gov/airports/resources/acronyms/
PSN,psn,Packet Switched Network,,,,https://www.faa.gov/airports/resources/acronyms/
PSS,pss,Packet Switched Service,,,,https://www.faa.gov/airports/resources/acronyms/
PSTN,pstn,Public Switched Telephone Network,,,,https://www.faa.gov/airports/resources/acronyms/
PTC,ptc,Conform,,,,https://www.faa.gov/airports/resources/acronyms/
PUB,pub,Publication,,,,https://www.faa.gov/airports/resources/acronyms/
PUP,pup,Principal User Processor,,,,https://www.faa.gov/airports/resources/acronyms/
PVC,pvc,Permanent Virtual Circuit,,,,https://www.faa.gov/airports/resources/acronyms/
PVD,pvd,Plan View Display,,,,https://www.faa.gov/airports/resources/acronyms/
QA,qa,Quality Assurance,,,,https://www.faa.gov/airports/resources/acronyms/
RAIL,rail,Runway Alignment Indicator Lights,,,,https://www.faa.gov/airports/resources/acronyms/
RAPCO,rapco,Radar Approach Control (USAF),,,,https://www.faa.gov/airports/resources/acronyms/
RAPCON,rapcon,Radar Approach Control (FAA),,,,https://www.faa.gov/airports/resources/acronyms/
RATCC,ratcc,Radar Air Traffic Control Center,,,,https://www.faa.gov/airports/resources/acronyms/
RATCF,ratcf,Radar Air Traffic Control Facility (USN),,,,https://www.faa.gov/airports/resources/acronyms/
RBC,rbc,Rotating Beam Ceilometer,,,,https://www.faa.gov/airports/resources/acronyms/
RBDPE,rbdpe,Radar Beacon Data Processing Equipment,,,,https://www.faa.gov/airports/resources/acronyms/
RBSS,rbss,Radar Bomb Scoring Squadron,,,,https://www.faa.gov/airports/resources/acronyms/
RCAG,rcag,Remote Communications Air/Ground,,,,https://www.faa.gov/airports/resources/acronyms/
RCC,rcc,Rescue Coordination Center,,,,https://www.faa.gov/airports/resources/acronyms/
RCF,rcf,Remote Communication Facility,,,,https://www.faa.gov/airports/resources/acronyms/
RCCC,rccc,Regional Communications Control Centers,,,,https://www.faa.gov/airports/resources/acronyms/
RCIU,rciu,Remote Control Interface Unit,,,,https://www.faa.gov/airports/resources/acronyms/
RCL,rcl,Radio Communications Link,,,,https://www.faa.gov/airports/resources/acronyms/
RCLR,rclr,RCL Repeater,,,,https://www.faa.gov/airports/resources/acronyms/
RCLT,rclt,RCL Terminal,,,,https://www.faa.gov/airports/resources/acronyms/
RCO,rco,Remote Communications Outlet,,,,https://www.faa.gov/airports/resources/acronyms/
RCU,rcu,Remote Control Unit,,,,https://www.faa.gov/airports/resources/acronyms/
RDAT,rdat,Digitized Radar Data,,,,https://www.faa.gov/airports/resources/acronyms/
RDP,rdp,Radar Data Processing,,,,https://www.faa.gov/airports/resources/acronyms/
RDSIM,rdsim,Runway Delay Simulation Model,,,,https://www.faa.gov/airports/resources/acronyms/
REIL,reil,Runway End Identification Lights,,,,https://www.faa.gov/airports/resources/acronyms/
RF,rf,Radio Frequency,,,,https://www.faa.gov/airports/resources/acronyms/
RL,rl,General Aviation Reliever Airport,,,,https://www.faa.gov/airports/resources/acronyms/
RMCC,rmcc,Remote Monitor Control Center,,,,https://www.faa.gov/airports/resources/acronyms/
RMCF,rmcf,Remote Monitor Control Facility,,,,https://www.faa.gov/airports/resources/acronyms/
RML,rml,Radio Microwave Link,,,,https://www.faa.gov/airports/resources/acronyms/
RMLR,rmlr,RML Repeater,,,,https://www.faa.gov/airports/resources/acronyms/
RMLT,rmlt,RML Terminal,,,,https://www.faa.gov/airports/resources/acronyms/
RMM,rmm,Remote Maintenance Monitoring,,,,https://www.faa.gov/airports/resources/acronyms/
RMMS,rmms,Remote Maintenance Monitoring System,,,,https://www.faa.gov/airports/resources/acronyms/
RMS,rms,Remote Monitoring Subsystem,,,,https://www.faa.gov/airports/resources/acronyms/
RMSC,rmsc,Remote Monitoring Subsystem Concentrator,,,,https://www.faa.gov/airports/resources/acronyms/
RNAV,rnav,Area Navigation,,,,https://www.faa.gov/airports/resources/acronyms/
RNP,rnp,Required Navigation Performance,,,,https://www.faa.gov/airports/resources/acronyms/
ROD,rod,Record of Decision,,,,https://www.faa.gov/airports/resources/acronyms/
ROSA,rosa,Report of Service Activity,,,,https://www.faa.gov/airports/resources/acronyms/
ROT,rot,Runway Occupancy Time,,,,https://www.faa.gov/airports/resources/acronyms/
RP,rp,Restoration Priority,,,,https://www.faa.gov/airports/resources/acronyms/
RPC,rpc,Restoration Priority Code,,,,https://www.faa.gov/airports/resources/acronyms/
RPG,rpg,Radar Processing Group,,,,https://www.faa.gov/airports/resources/acronyms/
RPZ,rpz,Runway Protection Zone,,,,https://www.faa.gov/airports/resources/acronyms/
RRH,rrh,Remote Reading Hygrothermometer,,,,https://www.faa.gov/airports/resources/acronyms/
RRHS,rrhs,Remote Reading Hydrometer,,,,https://www.faa.gov/airports/resources/acronyms/
RRWDS,rrwds,Remote Radar Weather Display,,,,https://www.faa.gov/airports/resources/acronyms/
RRWSS,rrwss,RWDS Sensor Site,,,,https://www.faa.gov/airports/resources/acronyms/
RSA,rsa,Runway Safety Area,,,,https://www.faa.gov/airports/resources/acronyms/
RSAT,rsat,Runway Safety Action Team,,,,https://www.faa.gov/airports/resources/acronyms/
RSS,rss,Remote Speaking System,,,,https://www.faa.gov/airports/resources/acronyms/
RT,rt,Remote Transmitter,,,,https://www.faa.gov/airports/resources/acronyms/
RT & BTL,rt & btl,Radar Tracking And Beacon Tracking Level,,,,https://www.faa.gov/airports/resources/acronyms/
RTAD,rtad,Remote Tower Alphanumerics Display,,,,https://www.faa.gov/airports/resources/acronyms/
RTCA,rtca,Radio Technical Commission for Aeronautics,,,,https://www.faa.gov/airports/resources/acronyms/
RTP,rtp,Regional Transportation Plan,,,,https://www.faa.gov/airports/resources/acronyms/
RTR,rtr,Remote Transmitter/Receiver,,,,https://www.faa.gov/airports/resources/acronyms/
RTRD,rtrd,Remote Tower Radar Display,,,,https://www.faa.gov/airports/resources/acronyms/
RVR,rvr,Runway Visual Range,,,,https://www.faa.gov/airports/resources/acronyms/
RW,rw,Runway,,,,https://www.faa.gov/airports/resources/acronyms/
RWDS,rwds,Same as RRWDS,,,,https://www.faa.gov/airports/resources/acronyms/
RWP,rwp,time Weather Processor,,,,https://www.faa.gov/airports/resources/acronyms/
S/S,s/s,Sector Suite,,,,https://www.faa.gov/airports/resources/acronyms/
SAC,sac,Strategic Air Command,,,,https://www.faa.gov/airports/resources/acronyms/
SAFI,safi,Semi Automatic Flight Inspection,,,,https://www.faa.gov/airports/resources/acronyms/
SALS,sals,Short Approach Lighting System,,,,https://www.faa.gov/airports/resources/acronyms/
SATCOM,satcom,Satellite Communications,,,,https://www.faa.gov/airports/resources/acronyms/
SAWRS,sawrs,Supplementary Aviation Weather Reporting System,,,,https://www.faa.gov/airports/resources/acronyms/
SBGP,sbgp,State Block Grant Program,,,,https://www.faa.gov/airports/resources/acronyms/
SCC,scc,System Command Center,,,,https://www.faa.gov/airports/resources/acronyms/
SCVTS,scvts,Switched Compressed Video Telecommunications Service,,,,https://www.faa.gov/airports/resources/acronyms/
SDF,sdf,Simplified Direction Finding,Software Defined Network,,,https://www.faa.gov/airports/resources/acronyms/
SDIS,sdis,Switched Digital Integrated Service,,,,https://www.faa.gov/airports/resources/acronyms/
SDP,sdp,Service Delivery Point,,,,https://www.faa.gov/airports/resources/acronyms/
SDS,sds,Switched Data Service,,,,https://www.faa.gov/airports/resources/acronyms/
SEL,sel,Single Event Level,,,,https://www.faa.gov/airports/resources/acronyms/
SELF,self,Simplified Short Approach Lighting System With Sequenced Flashing Lights,,,,https://www.faa.gov/airports/resources/acronyms/
SFAR--38,sfar--38,Special Federal Aviation Regulation 38,,,,https://www.faa.gov/airports/resources/acronyms/
SHPO,shpo,State Historic Preservation Officer,,,,https://www.faa.gov/airports/resources/acronyms/
SIC,sic,Service Initiation Charge,,,,https://www.faa.gov/airports/resources/acronyms/
SID,sid,Station Identifier,Standard Instrument Departure,,,https://www.faa.gov/airports/resources/acronyms/
SIGMET,sigmet,Significant Meteorological Information,,,,https://www.faa.gov/airports/resources/acronyms/
SIMMOD,simmod,Airport and Airspace Simulation Model,,,,https://www.faa.gov/airports/resources/acronyms/
SIP,sip,State Implementation Plan,,,,https://www.faa.gov/airports/resources/acronyms/
SM,sm,Statute Miles,,,,https://www.faa.gov/airports/resources/acronyms/
SMGC,smgc,Surface Movement Guidance and Control,,,,https://www.faa.gov/airports/resources/acronyms/
SMPS,smps,Sector Maintenance Processor Subsystem,,,,https://www.faa.gov/airports/resources/acronyms/
SMS,sms,Safety Management System,Simulation Modeling System,,,https://www.faa.gov/airports/resources/acronyms/
SNR,snr,"Noise Ratio, also: S/N",,,,https://www.faa.gov/airports/resources/acronyms/
SOC,soc,Service Oversight Center,,,,https://www.faa.gov/airports/resources/acronyms/
SOAR,soar,System of Airports Reporting,,,,https://www.faa.gov/airports/resources/acronyms/
SOIR,soir,Simultaneous Operations On Intersecting Runways,,,,https://www.faa.gov/airports/resources/acronyms/
SOIWR,soiwr,Simultaneous Operations on Intersecting Wet Runways,,,,https://www.faa.gov/airports/resources/acronyms/
SRAP,srap,Sensor Receiver and Processor,,,,https://www.faa.gov/airports/resources/acronyms/
SRM,srm,Safety Risk Management,,,,https://www.faa.gov/airports/resources/acronyms/
SSALF,ssalf,SSALS with Sequenced Flashers,,,,https://www.faa.gov/airports/resources/acronyms/
SSALR,ssalr,Simplified Short Approach Lighting System,,,,https://www.faa.gov/airports/resources/acronyms/
SSB,ssb,Single Side Band,,,,https://www.faa.gov/airports/resources/acronyms/
STAR,star,Standard Terminal Arrival Route,,,,https://www.faa.gov/airports/resources/acronyms/
STD,std,Standard,,,,https://www.faa.gov/airports/resources/acronyms/
STMUX,stmux,Statistical Data Multiplexer,,,,https://www.faa.gov/airports/resources/acronyms/
STOL,stol,Short Takeoff and Landing,,,,https://www.faa.gov/airports/resources/acronyms/
SURPIC,surpic,Surface Picture,,,,https://www.faa.gov/airports/resources/acronyms/
SVCA,svca,Service A,,,,https://www.faa.gov/airports/resources/acronyms/
SVCB,svcb,Service B,,,,https://www.faa.gov/airports/resources/acronyms/
SVCC,svcc,Service C,,,,https://www.faa.gov/airports/resources/acronyms/
SVCO,svco,Service O,,,,https://www.faa.gov/airports/resources/acronyms/
SVFO,svfo,Interphone Service F (A),,,,https://www.faa.gov/airports/resources/acronyms/
SVFB,svfb,Interphone Service F (B),,,,https://www.faa.gov/airports/resources/acronyms/
SVFC,svfc,Interphone Service F (C),,,,https://www.faa.gov/airports/resources/acronyms/
SVFD,svfd,Interphone Service F (D),,,,https://www.faa.gov/airports/resources/acronyms/
SVFR,svfr,Special Visual Flight Rules,,,,https://www.faa.gov/airports/resources/acronyms/
T1MUX,t1mux,T1 Multiplexer,,,,https://www.faa.gov/airports/resources/acronyms/
TAAS,taas,Terminal Advance Automation System,,,,https://www.faa.gov/airports/resources/acronyms/
TAC,tac,Technical Advisory Committee,,,,https://www.faa.gov/airports/resources/acronyms/
TACAN,tacan,Tactical Aircraft Control and Navigation,,,,https://www.faa.gov/airports/resources/acronyms/
TACR,tacr,"TACAN at VOR, TACAN only",,,,https://www.faa.gov/airports/resources/acronyms/
TAF,taf,"Terminal Area Forecast, Terminal Aerodrome Forecast",,,,https://www.faa.gov/airports/resources/acronyms/
TARS,tars,Terminal Automated Radar Service,,,,https://www.faa.gov/airports/resources/acronyms/
TAS,tas,True Air Speed,,,,https://www.faa.gov/airports/resources/acronyms/
TATCA,tatca,Terminal Air Traffic Control Automation,,,,https://www.faa.gov/airports/resources/acronyms/
TAVT,tavt,Terminal Airspace Visualization Tool,,,,https://www.faa.gov/airports/resources/acronyms/
TCA,tca,Traffic Control Airport or Tower Control Airport,Terminal Control Area,,,https://www.faa.gov/airports/resources/acronyms/
TCACCIS,tcaccis,Transportation Coordinator Automated Command and Control Information System,,,,https://www.faa.gov/airports/resources/acronyms/
TCAS,tcas,Traffic Alert And Collision Avoidance System,,,,https://www.faa.gov/airports/resources/acronyms/
TCC,tcc,DOT Transportation Computer Center,,,,https://www.faa.gov/airports/resources/acronyms/
TCCC,tccc,Tower Control Computer Complex,,,,https://www.faa.gov/airports/resources/acronyms/
TCE,tce,Tone Control Equipment,,,,https://www.faa.gov/airports/resources/acronyms/
TCLT,tclt,Tentative Calculated Landing Time,,,,https://www.faa.gov/airports/resources/acronyms/
TCO,tco,Telecommunications Certification Officer,,,,https://www.faa.gov/airports/resources/acronyms/
TCOM,tcom,Terminal Communications,,,,https://www.faa.gov/airports/resources/acronyms/
TCS,tcs,Tower Communications System,,,,https://www.faa.gov/airports/resources/acronyms/
TDPC,tdpc,Touchdown/Positioning Circle,,,,https://www.faa.gov/airports/resources/acronyms/
TDLS,tdls,Link Services,,,,https://www.faa.gov/airports/resources/acronyms/
TDMUX,tdmux,Time Division Data Multiplexer,,,,https://www.faa.gov/airports/resources/acronyms/
TDWR,tdwr,Terminal Doppler Weather Radar,,,,https://www.faa.gov/airports/resources/acronyms/
TELCO,telco,Telephone Company,,,,https://www.faa.gov/airports/resources/acronyms/
TELMS,telms,Telecommunications Management System,,,,https://www.faa.gov/airports/resources/acronyms/
TERPS,terps,Terminal Instrument Procedures,,,,https://www.faa.gov/airports/resources/acronyms/
TFAC,tfac,To Facility,,,,https://www.faa.gov/airports/resources/acronyms/
TH,th,Threshold,,,,https://www.faa.gov/airports/resources/acronyms/
TIMS,tims,Telecommunications Information Management System,,,,https://www.faa.gov/airports/resources/acronyms/
TIPS,tips,Terminal Information Processing System,,,,https://www.faa.gov/airports/resources/acronyms/
TL,tl,Taxilane,,,,https://www.faa.gov/airports/resources/acronyms/
TLOF,tlof,Touchdown and Liftoff Area,,,,https://www.faa.gov/airports/resources/acronyms/
TMA,tma,Traffic Management Advisor,,,,https://www.faa.gov/airports/resources/acronyms/
TMC,tmc,Traffic Management Coordinator,,,,https://www.faa.gov/airports/resources/acronyms/
TMC/MC,tmc/mc,Traffic Management Coordinator/Military Coordinator,,,,https://www.faa.gov/airports/resources/acronyms/
TMCC,tmcc,Terminal Information Processing System,Traffic Management Computer Complex,,,https://www.faa.gov/airports/resources/acronyms/
TMF,tmf,Traffic Management Facility,,,,https://www.faa.gov/airports/resources/acronyms/
TML,tml,Television Microwave Link,,,,https://www.faa.gov/airports/resources/acronyms/
TMLI,tmli,Television Microwave Link Indicator,,,,https://www.faa.gov/airports/resources/acronyms/
TMLR,tmlr,Television Microwave Link Repeater,,,,https://www.faa.gov/airports/resources/acronyms/
TMLT,tmlt,Television Microwave Link Terminal,,,,https://www.faa.gov/airports/resources/acronyms/
TM&O,tm&o,Telecommunications Management and Operations,,,,https://www.faa.gov/airports/resources/acronyms/
TMP,tmp,Traffic Management Processor,,,,https://www.faa.gov/airports/resources/acronyms/
TMS,tms,Traffic Management System,,,,https://www.faa.gov/airports/resources/acronyms/
TMSPS,tmsps,Traffic Management Specialists,,,,https://www.faa.gov/airports/resources/acronyms/
TMU,tmu,Traffic Management Unit,,,,https://www.faa.gov/airports/resources/acronyms/
TODA,toda,Takeoff Distance Available,,,,https://www.faa.gov/airports/resources/acronyms/
TOF,tof,Time Of Flight,,,,https://www.faa.gov/airports/resources/acronyms/
TOFMS,tofms,Time of Flight Mass Spectrometer,,,,https://www.faa.gov/airports/resources/acronyms/
TOPS,tops,Telecommunications Ordering and Pricing System (GSA software tool),,,,https://www.faa.gov/airports/resources/acronyms/
TORA,tora,off Run Available,,,,https://www.faa.gov/airports/resources/acronyms/
TNAV,tnav,Terminal Navigational Aids,,,,https://www.faa.gov/airports/resources/acronyms/
TR,tr,Telecommunications Request,,,,https://www.faa.gov/airports/resources/acronyms/
TRACAB,tracab,Terminal Radar Approach Control in Tower Cab,,,,https://www.faa.gov/airports/resources/acronyms/
TRACON,tracon,Terminal Radar Approach Control Facility,,,,https://www.faa.gov/airports/resources/acronyms/
TRAD,trad,Terminal Radar Service,,,,https://www.faa.gov/airports/resources/acronyms/
TRB,trb,Transportation Research Board,,,,https://www.faa.gov/airports/resources/acronyms/
TRNG,trng,Training,,,,https://www.faa.gov/airports/resources/acronyms/
TSA,tsa,Taxiway Safety Area,,,,https://www.faa.gov/airports/resources/acronyms/
TSEC,tsec,Terminal Secondary Radar Service,,,,https://www.faa.gov/airports/resources/acronyms/
TSP,tsp,Telecommunications Service Priority,,,,https://www.faa.gov/airports/resources/acronyms/
TSR,tsr,Telecommunications Service Request,,,,https://www.faa.gov/airports/resources/acronyms/
TSYS,tsys,Terminal Equipment Systems,,,,https://www.faa.gov/airports/resources/acronyms/
TTMA,ttma,TRACON Traffic Management Advisor,,,,https://www.faa.gov/airports/resources/acronyms/
TTY,tty,Teletype,,,,https://www.faa.gov/airports/resources/acronyms/
TVOR,tvor,Terminal VHF Omnidirectional Range,,,,https://www.faa.gov/airports/resources/acronyms/
TW,tw,Taxiway,,,,https://www.faa.gov/airports/resources/acronyms/
TWEB,tweb,Transcribed Weather Broadcast,,,,https://www.faa.gov/airports/resources/acronyms/
TWR,twr,controlled),,,,https://www.faa.gov/airports/resources/acronyms/
TY,ty,Type (FAACIS),,,,https://www.faa.gov/airports/resources/acronyms/
UAS,uas,Uniform Accounting System,,,,https://www.faa.gov/airports/resources/acronyms/
UHF,uhf,Ultra High Frequency,,,,https://www.faa.gov/airports/resources/acronyms/
URA,ura,Uniform Relocation Assistance and Real Property Acquisition Policies Act of 1970,,,,https://www.faa.gov/airports/resources/acronyms/
USAF,usaf,United States Air Force,,,,https://www.faa.gov/airports/resources/acronyms/
USC,usc,United States Code,,,,https://www.faa.gov/airports/resources/acronyms/
USOC,usoc,Uniform Service Order Code,,,,https://www.faa.gov/airports/resources/acronyms/
VALE,vale,Voluntary Airport Low Emission,,,,https://www.faa.gov/airports/resources/acronyms/
VASI,vasi,Visual Approach Slope Indicator,,,,https://www.faa.gov/airports/resources/acronyms/
VDME,vdme,VOR with Distance Measuring Equipment,,,,https://www.faa.gov/airports/resources/acronyms/
VF,vf,Voice Frequency,,,,https://www.faa.gov/airports/resources/acronyms/
VFR,vfr,Visual Flight Rules,,,,https://www.faa.gov/airports/resources/acronyms/
VGSI,vgsi,Visual Glideslope Indicator,,,,https://www.faa.gov/airports/resources/acronyms/
VHF,vhf,Very High Frequency,,,,https://www.faa.gov/airports/resources/acronyms/
VLF,vlf,Very Low Frequency,,,,https://www.faa.gov/airports/resources/acronyms/
VMC,vmc,Visual Meteorological Conditions,,,,https://www.faa.gov/airports/resources/acronyms/
VNAV,vnav,Visual Navigational Aids,,,,https://www.faa.gov/airports/resources/acronyms/
VNTSC,vntsc,Volpe National Transportation System Center,,,,https://www.faa.gov/airports/resources/acronyms/
VON,von,net,,,,https://www.faa.gov/airports/resources/acronyms/
VOR,vor,VHF Omnidirectional Range,,,,https://www.faa.gov/airports/resources/acronyms/
VOR/DME,vor/dme,VHF Omnidirectional Range/Distance Measuring Equipment,,,,https://www.faa.gov/airports/resources/acronyms/
VORTAC,vortac,VOR collocated with TACAN,,,,https://www.faa.gov/airports/resources/acronyms/
VOT,vot,VOR Test Facility,,,,https://www.faa.gov/airports/resources/acronyms/
VP/D,vp/d,Vehicle/Pedestrian Deviation,,,,https://www.faa.gov/airports/resources/acronyms/
VRS,vrs,Voice Recording System,,,,https://www.faa.gov/airports/resources/acronyms/
VSCS,vscs,Voice Switching and Control System,,,,https://www.faa.gov/airports/resources/acronyms/
VTA,vta,Vertex Time of Arrival,,,,https://www.faa.gov/airports/resources/acronyms/
VTAC,vtac,VOR collocated with TACAN,,,,https://www.faa.gov/airports/resources/acronyms/
VTOL,vtol,Vertical Takeoff and Landing,,,,https://www.faa.gov/airports/resources/acronyms/
VTS,vts,Voice Telecommunications System,,,,https://www.faa.gov/airports/resources/acronyms/
WAAS,waas,Wide Area Augmentation System,,,,https://www.faa.gov/airports/resources/acronyms/
WAN,wan,Wide Area Network,,,,https://www.faa.gov/airports/resources/acronyms/
WC,wc,Work Center,,,,https://www.faa.gov/airports/resources/acronyms/
WCP,wcp,Weather Communications Processor,,,,https://www.faa.gov/airports/resources/acronyms/
WECO,weco,Western Electric Company,,,,https://www.faa.gov/airports/resources/acronyms/
WESCOM,wescom,Western Electric Satellite Communications,,,,https://www.faa.gov/airports/resources/acronyms/
WHA,wha,Wildlife Hazard Assessment,,,,https://www.faa.gov/airports/resources/acronyms/
WHMP,whmp,Wildlife Hazard Management Plan,,,,https://www.faa.gov/airports/resources/acronyms/
WMSC,wmsc,Weather Message Switching Center,,,,https://www.faa.gov/airports/resources/acronyms/
WMSCR,wmscr,Weather Message Switching Center Replacement,,,,https://www.faa.gov/airports/resources/acronyms/
WSCMO,wscmo,Weather Service Contract Meteorological Observatory,,,,https://www.faa.gov/airports/resources/acronyms/
WSFO,wsfo,Weather Service Forecast Office,,,,https://www.faa.gov/airports/resources/acronyms/
WSMO,wsmo,Weather Service Meteorological Observatory,,,,https://www.faa.gov/airports/resources/acronyms/
WSO,wso,Weather Service Office,,,,https://www.faa.gov/airports/resources/acronyms/
WTHR,wthr,"""Weather""",,,,https://www.faa.gov/airports/resources/acronyms/
WX,wx,Weather,,,,https://www.faa.gov/airports/resources/acronyms/