airportcode,Freq
  ,36181
 - ,1
 --- ,12
 . ,1
 0 ,4
 00 ,2
 000 ,3
 0000 ,1
 001 ,6
 003 ,4
 004 ,12
 005 ,2
 006 ,1
 008 ,1
 009 ,3
 00A ,5
 00AL ,1
 00C ,10
 00E ,1
 00F ,2
 00G ,1
 00GE ,1
 00K6 ,1
 00K7 ,2
 00M ,2
 00N ,3
 00NC ,2
 00R ,6
 00R8 ,1
 00S ,3
 00V ,29
 011 ,4
 012 ,7
 0127 ,1
 013 ,1
 014 ,1
 0167 ,1
 017 ,13
 018 ,6
 019 ,3
 01B ,2
 01C ,4
 01CL ,1
 01G ,2
 01GE ,1
 01I ,3
 01J ,5
 01L ,1
 01LA ,1
 01NC ,4
 01SC ,3
 01TN ,1
 01TX ,1
 01V ,9
 020 ,1
 022 ,12
 023 ,6
 024 ,6
 026 ,1
 027 ,5
 028 ,4
 02A ,4
 02C ,8
 02G ,6
 02J ,2
 02K ,5
 02MO ,1
 02W ,1
 02WA ,4
 02Y ,1
 030 ,1
 031 ,6
 032 ,4
 033 ,2
 034 ,2
 036 ,10
 037 ,2
 03B ,1
 03C ,3
 03D ,1
 03ME ,1
 03NC ,1
 03R ,1
 03S ,5
 03TN ,1
 03XS ,1
 042 ,1
 043 ,2
 045 ,10
 046 ,1
 047 ,1
 048 ,2
 04A ,3
 04B ,1
 04FA ,4
 04G ,3
 04IL ,1
 04J ,3
 04K ,2
 04L ,1
 04ND ,1
 04NJ ,1
 04NV ,1
 04S ,1
 04TN ,2
 04V ,1
 04WI ,1
 04Y ,4
 051 ,11
 052 ,5
 054 ,8
 056 ,15
 057 ,1
 058 ,6
 059 ,1
 05C ,15
 05CL ,1
 05F ,3
 05GA ,1
 05I ,1
 05KT ,1
 05LA ,1
 05MD ,1
 05S ,2
 06 ,11
 060 ,1
 0600 ,1
 061 ,4
 062 ,3
 063 ,3
 064 ,1
 066 ,2
 068 ,9
 069 ,8
 06A ,8
 06B ,2
 06C ,22
 06D ,1
 06FA ,1
 06FD ,1
 06G ,1
 06M ,1
 06MO ,6
 06N ,9
 06NH ,1
 06NY ,1
 06R ,4
 06U ,14
 06WN ,1
 07 ,4
 070 ,11
 071 ,1
 075 ,1
 079 ,1
 07A ,1
 07B ,1
 07C ,5
 07CL ,1
 07F ,6
 07G ,6
 07J ,1
 07K ,2
 07KY ,1
 07MD ,1
 07N ,2
 07R ,2
 07S ,5
 07TA ,2
 07V ,1
 07VA ,1
 081 ,2
 085 ,9
 086 ,4
 088 ,4
 089 ,2
 08A ,6
 08AK ,4
 08B ,3
 08C ,8
 08CL ,1
 08D ,2
 08IN ,1
 08KY ,1
 08M ,3
 08ME ,1
 08N ,3
 08V ,2
 08VA ,2
 08X ,1
 09 ,1
 090K ,1
 094 ,2
 09A ,1
 09AK ,1
 09C ,3
 09CL ,2
 09D ,1
 09FA ,2
 09FD ,1
 09G ,2
 09J ,6
 09M ,1
 09MO ,1
 09N ,1
 09PA ,1
 09R ,2
 09S ,8
 09V ,1
 09W ,1
 09WI ,1
 09XS ,1
 09Y ,1
 0A1 ,2
 0A3 ,5
 0A4 ,1
 0A5 ,2
 0A6 ,5
 0A7 ,13
 0A8 ,1
 0A9 ,10
 0AA7 ,1
 0AK1 ,7
 0AK2 ,1
 0AL1 ,1
 0AP ,1
 0AR3 ,1
 0AZ2 ,1
 0B1 ,5
 0B2 ,3
 0B4 ,1
 0B5 ,3
 0B6 ,1
 0B7 ,11
 0B8 ,5
 0C0 ,7
 0C09 ,1
 0C1 ,1
 0C2 ,3
 0C3 ,2
 0C4 ,1
 0C5 ,1
 0C7 ,2
 0C8 ,15
 0CA1 ,1
 0CL1 ,5
 0CL3 ,2
 0CO2 ,2
 0CO5 ,1
 0CO6 ,1
 0CO9 ,1
 0D1 ,3
 0D7 ,1
 0E0 ,19
 0E6 ,1
 0E8 ,1
 0F2 ,4
 0F7 ,1
 0F8 ,3
 0F9 ,1
 0FD1 ,1
 0FD2 ,1
 0FD3 ,1
 0FL6 ,1
 0G0 ,4
 0G2 ,1
 0G5 ,1
 0G6 ,1
 0G7 ,3
 0GA2 ,1
 0GA9 ,1
 0GE3 ,3
 0GE5 ,9
 0H0 ,1
 0H14 ,1
 0H7 ,1
 0I2 ,2
 0I8 ,2
 0I88 ,1
 0ID8 ,1
 0IN1 ,2
 0IN2 ,1
 0IS3 ,1
 0IS8 ,1
 0IV ,2
 0J0 ,1
 0J4 ,3
 0J6 ,5
 0J8 ,3
 0K0 ,1
 0K2 ,1
 0K5 ,2
 0K7 ,1
 0KY0 ,1
 0KY8 ,1
 0L0 ,1
 0L5 ,1
 0L7 ,27
 0L9 ,1
 0LA4 ,1
 0M0 ,2
 0M3 ,2
 0M4 ,2
 0M5 ,2
 0M6 ,2
 0M8 ,1
 0MI7 ,1
 0MU0 ,1
 0N0 ,1
 0N4 ,4
 0NJ6 ,1
 0NY0 ,1
 0O1 ,2
 0O2 ,1
 0O3 ,5
 0O4 ,1
 0O5 ,2
 0O9 ,3
 0OH4 ,1
 0OK3 ,1
 0OK7 ,3
 0OK8 ,1
 0P2 ,1
 0P8 ,1
 0PA0 ,3
 0PA2 ,1
 0PS7 ,1
 0Q0 ,2
 0Q3 ,13
 0Q4 ,8
 0Q5 ,5
 0Q7 ,1
 0Q9 ,13
 0R0 ,3
 0R1 ,2
 0R2 ,1
 0R3 ,2
 0R4 ,2
 0R5 ,1
 0R7 ,2
 0S1 ,3
 0S4 ,1
 0S6 ,3
 0S7 ,2
 0S8 ,2
 0S9 ,13
 0TE4 ,2
 0TX1 ,4
 0TX6 ,3
 0U1 ,4
 0U8 ,2
 0U9 ,1
 0UN ,1
 0V2 ,5
 0V3 ,2
 0V4 ,2
 0V5 ,1
 0V6 ,1
 0V7 ,5
 0V9 ,1
 0W3 ,13
 0WA2 ,1
 0WN0 ,1
 0WY1 ,1
 0Y6 ,1
 0Z3 ,6
 0Z9 ,1
 1 ,4
 10 ,8
 102 ,11
 103 ,4
 105 ,8
 106 ,6
 107 ,2
 10A7 ,1
 10AK ,5
 10C ,14
 10CO ,3
 10D ,4
 10FA ,1
 10G ,6
 10GA ,1
 10K ,1
 10L2 ,1
 10M ,2
 10N ,1
 10R3 ,1
 10R4 ,3
 10RG ,1
 10S ,1
 11 ,7
 114 ,1
 115 ,1
 11CA ,1
 11D ,3
 11IL ,1
 11J ,1
 11K ,1
 11LL ,1
 11N ,8
 11R ,12
 11S ,2
 11SX ,1
 11XS ,4
 12 ,23
 120 ,1
 1215 ,1
 122 ,1
 124 ,1
 128 ,1
 12A ,2
 12C ,2
 12CN ,1
 12D ,1
 12G ,2
 12ID ,4
 12IN ,1
 12J ,4
 12K ,2
 12N ,14
 12S ,1
 12TN ,2
 12V ,2
 12WA ,2
 132 ,1
 136 ,1
 137 ,1
 139 ,2
 13C ,2
 13FA ,2
 13IN ,1
 13K ,1
 13N ,4
 13U ,1
 13W ,2
 13WA ,2
 13X ,1
 140 ,1
 142 ,1
 14A ,6
 14AK ,2
 14AZ ,3
 14D ,2
 14F ,1
 14G ,5
 14I ,1
 14J ,2
 14M ,1
 14N ,1
 14O1 ,1
 14S ,2
 14ak ,1
 151 ,1
 152 ,2
 153 ,1
 154 ,1
 15A ,1
 15AR ,1
 15F ,3
 15FD ,1
 15FL ,5
 15G ,16
 15J ,1
 15M ,5
 15MO ,1
 15R ,2
 15S ,3
 15WI ,1
 15Z ,10
 1600 ,1
 165 ,1
 166 ,1
 167 ,1
 16A ,5
 16AK ,1
 16AR ,1
 16D ,1
 16FD ,1
 16FL ,2
 16G ,1
 16J ,5
 16M ,1
 16NE ,1
 16S ,3
 16TE ,2
 16W ,1
 16X ,3
 172 ,2
 174 ,1
 177 ,3
 17A ,12
 17FL ,4
 17G ,3
 17GA ,1
 17J ,4
 17K ,3
 17L ,1
 17LS ,1
 17M ,2
 17N ,17
 17S ,10
 17TA ,1
 17TE ,1
 17U ,2
 17XS ,2
 17Y ,2
 17Z ,2
 182A ,1
 18A ,4
 18AZ ,6
 18FD ,2
 18GA ,2
 18KS ,1
 18L ,1
 18MO ,2
 18V ,11
 18WA ,1
 18Y ,2
 190R ,1
 193 ,1
 194 ,1
 19A ,7
 19AZ ,2
 19D ,2
 19GA ,2
 19I ,3
 19K ,2
 19N ,10
 19NC ,1
 19S ,2
 1A0 ,3
 1A1 ,1
 1A2 ,1
 1A3 ,2
 1A5 ,9
 1A6 ,7
 1A7 ,3
 1A9 ,3
 1AK1 ,1
 1AK8 ,1
 1AL4 ,1
 1AR6 ,1
 1AR9 ,6
 1AZ0 ,6
 1AZO ,2
 1B0 ,3
 1B1 ,5
 1B2 ,11
 1B5 ,6
 1B6 ,6
 1B7 ,4
 1B8 ,3
 1B9 ,23
 1BT ,1
 1C08 ,2
 1C1 ,2
 1C2 ,5
 1C3 ,4
 1C5 ,21
 1C8 ,5
 1C9 ,7
 1CA6 ,1
 1CO8 ,3
 1D2 ,15
 1D6 ,3
 1D7 ,1
 1D8 ,1
 1DS ,3
 1E0 ,1
 1E2 ,2
 1E3 ,1
 1E6 ,3
 1E7 ,4
 1ES ,1
 1F0 ,11
 1F1 ,7
 1F2 ,2
 1F3 ,2
 1F4 ,1
 1F7 ,11
 1F9 ,7
 1FA3 ,1
 1FO ,3
 1FT ,1
 1G0 ,12
 1G1 ,12
 1G3 ,14
 1G4 ,10
 1G5 ,13
 1G6 ,5
 1G8 ,5
 1GA0 ,2
 1H0 ,22
 1H2 ,4
 1H5 ,1
 1H6 ,7
 1H8 ,3
 1HO ,11
 1I1 ,1
 1I3 ,3
 1I5 ,2
 1I7 ,2
 1I9 ,6
 1J0 ,4
 1J6 ,9
 1J9 ,3
 1K1 ,11
 1K2 ,1
 1K3 ,2
 1K4 ,2
 1K6 ,2
 1K7 ,1
 1K8 ,1
 1K9 ,6
 1KB ,1
 1KS3 ,1
 1KS7 ,1
 1L0 ,3
 1L1 ,1
 1L3 ,1
 1L6 ,1
 1L7 ,1
 1L8 ,13
 1L9 ,9
 1LA4 ,1
 1LL2 ,1
 1M0 ,1
 1M03 ,1
 1M09 ,1
 1M1 ,17
 1M3 ,2
 1M5 ,5
 1M6 ,1
 1M7 ,1
 1M8 ,4
 1M9 ,1
 1MA3 ,1
 1MD3 ,1
 1MD4 ,1
 1MI8 ,2
 1MO ,1
 1MO9 ,1
 1MS0 ,1
 1MS6 ,1
 1MT7 ,1
 1MU4 ,1
 1N1 ,13
 1N2 ,6
 1N4 ,5
 1N6 ,3
 1N7 ,22
 1N9 ,7
 1NC1 ,1
 1NC2 ,1
 1NC3 ,1
 1NC6 ,1
 1ND3 ,1
 1NK0 ,1
 1NK7 ,1
 1NK8 ,2
 1NM0 ,1
 1O2 ,14
 1O3 ,7
 1O4 ,1
 1O5 ,4
 1O6 ,4
 1O7 ,1
 1OC ,2
 1OK0 ,1
 1OR ,1
 1OR4 ,5
 1P1 ,1
 1PA5 ,1
 1PA6 ,1
 1PAB ,1
 1PS4 ,1
 1Q1 ,2
 1Q2 ,5
 1Q4 ,8
 1Q5 ,5
 1R2 ,1
 1R4 ,2
 1R5 ,1
 1R7 ,4
 1R8 ,5
 1R9 ,1
 1RL ,2
 1S0 ,17
 1S1 ,1
 1S2 ,2
 1S4 ,7
 1S5 ,2
 1S6 ,3
 1S9 ,1
 1SD1 ,1
 1SD4 ,1
 1SM ,1
 1SN ,1
 1SO ,2
 1T5 ,1
 1T7 ,11
 1T8 ,6
 1TA4 ,1
 1TA7 ,3
 1TE4 ,4
 1TN0 ,1
 1TX6 ,1
 1U0 ,2
 1U1 ,4
 1U3 ,3
 1U4 ,1
 1U7 ,3
 1U9 ,1
 1V0 ,1
 1V2 ,4
 1V5 ,26
 1V6 ,14
 1V8 ,3
 1V9 ,4
 1W1 ,13
 1W12 ,1
 1W2 ,4
 1W3 ,6
 1W5 ,1
 1W6 ,2
 1WA6 ,8
 1WI3 ,2
 1WI7 ,1
 1X3 ,1
 1X4 ,7
 1XA7 ,1
 1Y3 ,2
 1Y4 ,2
 1Y6 ,1
 1Z2 ,1
 2 ,5
 2 R9 ,1
 2-13 ,1
 201 ,6
 203 ,8
 206 ,3
 207 ,2
 209 ,12
 20A ,2
 20GA ,3
 20H9 ,4
 20II ,1
 20K3 ,1
 20KS ,1
 20L ,1
 20N ,7
 20U ,1
 20V ,7
 20WA ,1
 20XS ,1
 20Y ,2
 213 ,2
 218 ,1
 21A ,4
 21AK ,2
 21AR ,1
 21D ,13
 21F ,2
 21FA ,2
 21KY ,1
 21L6 ,1
 21N ,8
 21N2 ,1
 21OG ,2
 21S ,2
 21T ,1
 21TX ,1
 21W ,3
 21X5 ,1
 21XS ,5
 220 ,1
 221 ,1
 222 ,2
 225 ,1
 22B ,9
 22D ,5
 22F ,2
 22FA ,1
 22FL ,1
 22G ,9
 22I ,2
 22IN ,1
 22K ,1
 22N ,7
 22OH ,1
 22PN ,1
 22W ,2
 22WA ,1
 22WY ,1
 22Y ,1
 235 ,1
 23AK ,3
 23AR ,1
 23C ,1
 23CN ,2
 23F ,2
 23H ,2
 23II ,3
 23J ,17
 23M ,3
 23N ,16
 23NH ,1
 23NJ ,1
 23NR ,1
 23NY ,1
 23Q ,1
 23S ,2
 240 ,1
 241 ,2
 24A ,5
 24C ,8
 24E ,2
 24F ,2
 24IN ,1
 24J ,3
 24K ,2
 24LL ,1
 24MO ,2
 24PA ,2
 24S ,1
 24SC ,1
 259 ,1
 25A ,3
 25CL ,2
 25D ,5
 25IL ,2
 25J ,1
 25L ,1
 25M ,1
 25N ,1
 25NC ,1
 25R ,2
 25S ,3
 25V ,1
 25XS ,1
 263 ,1
 267 ,1
 26AK ,1
 26D ,1
 26J ,1
 26K ,1
 26MA ,2
 26N ,16
 26NV ,1
 26R ,4
 26R2 ,1
 27A ,3
 27A7 ,1
 27AZ ,1
 27C ,3
 27CA ,1
 27FL ,1
 27J ,3
 27K ,3
 27M ,1
 27N ,1
 27R ,4
 27TN ,1
 27V ,3
 27W ,3
 27XS ,4
 28 ,1
 281 ,1
 28A ,14
 28AZ ,3
 28CA ,1
 28D ,1
 28E ,2
 28FL ,2
 28J ,20
 28M ,3
 28MA ,1
 28N ,2
 28NK ,1
 28TE ,1
 28U ,6
 28V ,1
 296 ,1
 29A ,1
 29C ,1
 29CO ,1
 29D ,9
 29F ,1
 29G ,21
 29GA ,1
 29J ,4
 29M ,1
 29N ,1
 29OH ,1
 29OR ,1
 29R ,1
 29S ,3
 29V ,1
 29VA ,1
 29X ,1
 2A0 ,11
 2A1 ,3
 2A2 ,4
 2A3 ,6
 2A4 ,2
 2A5 ,8
 2A6 ,1
 2A9 ,6
 2AB ,1
 2AD ,1
 2AK ,1
 2AK1 ,3
 2AK2 ,3
 2AL1 ,1
 2AL4 ,1
 2AO ,2
 2AZ1 ,2
 2AZ9 ,1
 2B1 ,8
 2B2 ,15
 2B3 ,7
 2B4 ,6
 2B6 ,5
 2B7 ,5
 2B9 ,4
 2BG ,1
 2C5 ,1
 2C6 ,1
 2C9 ,1
 2CA4 ,2
 2CL9 ,1
 2CO2 ,1
 2CO9 ,2
 2D1 ,4
 2D5 ,1
 2D7 ,3
 2D8 ,4
 2DT ,8
 2E5 ,1
 2E8 ,1
 2EF ,1
 2EJ ,6
 2F0 ,1
 2F2 ,5
 2F4 ,1
 2F5 ,4
 2F6 ,8
 2F7 ,2
 2F8 ,4
 2FA2 ,1
 2FA5 ,3
 2FA6 ,1
 2FD1 ,1
 2FD7 ,1
 2FL0 ,2
 2G1 ,5
 2G2 ,6
 2G3 ,2
 2G4 ,9
 2G5 ,6
 2G6 ,2
 2G7 ,4
 2G8 ,1
 2G9 ,12
 2GA3 ,1
 2GA5 ,1
 2GA9 ,1
 2H0 ,6
 2H2 ,4
 2HO ,1
 2I0 ,2
 2I3 ,2
 2I4 ,7
 2I5 ,2
 2I8 ,1
 2IL0 ,1
 2IL7 ,1
 2IN2 ,3
 2IO ,1
 2IS ,7
 2J0 ,10
 2J2 ,3
 2J7 ,3
 2J8 ,5
 2J9 ,14
 2JO ,5
 2K1 ,2
 2K2 ,4
 2K4 ,1
 2K5 ,1
 2K7 ,1
 2K9 ,2
 2KG ,1
 2KL ,3
 2L0 ,14
 2L1 ,2
 2L3 ,1
 2LA0 ,1
 2LL2 ,1
 2LO ,7
 2LS0 ,1
 2M0 ,2
 2M17 ,1
 2M19 ,1
 2M2 ,8
 2M3 ,2
 2M4 ,2
 2M6 ,2
 2M8 ,2
 2M9 ,2
 2MD8 ,2
 2MO1 ,2
 2MOO ,1
 2MT1 ,2
 2N0 ,2
 2N2 ,1
 2N6 ,1
 2N8 ,26
 2NA5 ,1
 2NB ,2
 2NC0 ,10
 2NCO ,1
 2NE0 ,1
 2NE5 ,1
 2NK3 ,1
 2NK9 ,2
 2NW ,1
 2O1 ,4
 2O3 ,8
 2O6 ,1
 2O7 ,2
 2OA6 ,1
 2OH9 ,6
 2OI4 ,1
 2OR ,1
 2OR0 ,1
 2OR7 ,1
 2OS ,1
 2P2 ,2
 2PA2 ,1
 2PA3 ,1
 2Q0 ,1
 2Q1 ,2
 2Q3 ,10
 2Q4 ,1
 2Q5 ,1
 2Q9 ,1
 2QE ,1
 2R1 ,4
 2R2 ,2
 2R4 ,11
 2R5 ,6
 2R7 ,6
 2R8 ,3
 2R9 ,1
 2RR ,3
 2S0 ,5
 2S1 ,5
 2S2 ,3
 2S5 ,2
 2S6 ,10
 2S7 ,7
 2S9 ,5
 2SD9 ,2
 2SG ,1
 2SM ,1
 2SO ,1
 2T1 ,1
 2T4 ,1
 2TA5 ,1
 2TE2 ,1
 2TE7 ,1
 2TS5 ,2
 2TS6 ,3
 2TX0 ,2
 2TX3 ,1
 2U0 ,1
 2U4 ,2
 2U5 ,2
 2U7 ,10
 2U8 ,2
 2V1 ,11
 2V2 ,42
 2V3 ,4
 2V5 ,4
 2V6 ,5
 2V8 ,3
 2VI ,1
 2W2 ,18
 2W5 ,9
 2W6 ,19
 2W8 ,2
 2WA1 ,6
 2WA3 ,1
 2WI6 ,1
 2WN4 ,1
 2X2 ,2
 2X6 ,1
 2XS3 ,3
 2XS7 ,1
 2XS8 ,1
 2Y3 ,2
 2Y4 ,1
 2Z1 ,1
 2Z2 ,1
 307 ,9
 308 ,13
 30A ,3
 30F ,8
 30J ,3
 30K7 ,1
 30MN ,1
 30OK ,1
 30T ,1
 30TX ,1
 310B ,1
 311 ,2
 312 ,1
 316 ,1
 317 ,2
 319 ,1
 31AK ,1
 31C ,2
 31D ,1
 31E ,5
 31F ,2
 31IN ,2
 31J ,5
 31P ,5
 31R ,1
 31TX ,1
 31WI ,1
 32A ,3
 32GA ,1
 32J ,1
 32M ,1
 32NC ,1
 32S ,5
 32TE ,1
 330K ,2
 33A ,3
 33AR ,1
 33CL ,1
 33F ,3
 33J ,3
 33K ,2
 33KS ,1
 33LA ,1
 33N ,6
 33NY ,1
 33OR ,1
 33S ,2
 33TA ,1
 33U ,5
 33V ,1
 34A ,3
 34AZ ,1
 34C ,1
 34FD ,1
 34G ,2
 34J ,21
 34K ,1
 34S ,1
 34TS ,3
 356 ,1
 35A ,1
 35AR ,1
 35AZ ,1
 35D ,7
 35J ,2
 35KS ,2
 35KY ,2
 35M ,2
 35ME ,3
 35N ,1
 35Q ,1
 35R ,6
 35S ,2
 35W ,2
 35Z ,1
 360 ,1
 36A ,2
 36II ,1
 36IL ,1
 36K ,1
 36S ,4
 36TX ,1
 36U ,25
 36V ,1
 36WI ,3
 36X ,2
 37 ,1
 37AZ ,1
 37F ,2
 37FL ,1
 37G ,3
 37ID ,1
 37J ,1
 37K ,1
 37M ,3
 37PA ,2
 37R ,2
 37T ,1
 37TE ,2
 37W ,2
 37XA ,1
 382F ,1
 385 ,1
 389 ,1
 38AZ ,1
 38CL ,2
 38CN ,1
 38D ,8
 38ND ,1
 38OH ,1
 38PN ,1
 38S ,2
 38TE ,1
 38U ,1
 38W ,2
 38WA ,3
 38WI ,3
 390K ,1
 39A ,1
 39C ,2
 39D ,1
 39J ,1
 39K ,1
 39N ,17
 39OK ,1
 39P ,1
 39PN ,2
 39R ,1
 39T ,1
 39Z ,1
 3A0 ,1
 3A1 ,7
 3A4 ,6
 3A9 ,1
 3AE ,4
 3AK ,1
 3AK5 ,2
 3AL6 ,1
 3AR ,7
 3AU ,12
 3AZ0 ,2
 3AZ2 ,2
 3B0 ,5
 3B1 ,12
 3B2 ,8
 3B3 ,13
 3B4 ,3
 3B5 ,7
 3B7 ,1
 3B8 ,3
 3B9 ,9
 3BB ,10
 3BO ,3
 3BS ,4
 3BT ,1
 3C0 ,4
 3C02 ,1
 3C06 ,1
 3C1 ,5
 3C2 ,2
 3C5 ,1
 3C8 ,1
 3CA4 ,1
 3CA7 ,3
 3CI ,1
 3CK ,18
 3CM ,8
 3CO ,1
 3CU ,1
 3D1 ,1
 3D2 ,4
 3D4 ,7
 3D8 ,1
 3D9 ,2
 3DA ,22
 3DM ,1
 3DW ,9
 3E9 ,2
 3EV ,4
 3EX ,8
 3F2 ,1
 3F3 ,1
 3F7 ,7
 3F9 ,8
 3FD1 ,3
 3FD4 ,4
 3FK ,4
 3FL0 ,2
 3FM ,3
 3FU ,2
 3G1 ,1
 3G2 ,2
 3G3 ,12
 3G4 ,6
 3G6 ,5
 3G7 ,5
 3G8 ,5
 3G9 ,4
 3GA ,1
 3GA0 ,1
 3GA7 ,7
 3GA8 ,2
 3GE8 ,1
 3GM ,8
 3GN ,2
 3GV ,24
 3H0 ,1
 3H5 ,1
 3H9 ,1
 3HA ,27
 3HE ,8
 3HO ,5
 3HW ,5
 3I0 ,1
 3I1 ,2
 3I2 ,5
 3I3 ,5
 3I6 ,5
 3I7 ,6
 3IL1 ,2
 3IP ,4
 3IS2 ,1
 3J0 ,2
 3J1 ,20
 3J6 ,3
 3J7 ,2
 3JC ,7
 3K3 ,2
 3K6 ,3
 3K8 ,2
 3K9 ,1
 3KK ,1
 3KM ,16
 3KS5 ,3
 3KY2 ,1
 3KY3 ,1
 3KY9 ,1
 3L2 ,5
 3L5 ,1
 3LA ,5
 3LA1 ,1
 3LA7 ,1
 3LA9 ,1
 3LC ,9
 3LF ,4
 3LL4 ,1
 3LP ,4
 3M0 ,9
 3M17 ,1
 3M2 ,3
 3M3 ,8
 3M4 ,2
 3M5 ,15
 3M6 ,3
 3M7 ,4
 3M8 ,1
 3M9 ,3
 3MD0 ,1
 3MN4 ,1
 3MN7 ,1
 3MO ,6
 3MS5 ,1
 3MS9 ,1
 3MT3 ,1
 3MY ,10
 3N0 ,1
 3N3 ,1
 3N5 ,2
 3N6 ,15
 3N7 ,1
 3N8 ,1
 3NC2 ,1
 3NC9 ,1
 3ND0 ,3
 3NJ1 ,1
 3NJ6 ,1
 3NJ8 ,1
 3NO ,6
 3NP ,3
 3NR3 ,3
 3NY0 ,1
 3NY7 ,1
 3O1 ,1
 3O4 ,1
 3O7 ,11
 3O8 ,7
 3OH0 ,5
 3OH1 ,1
 3OH7 ,1
 3PA8 ,2
 3PN1 ,2
 3Q1 ,1
 3Q8 ,1
 3R0 ,1
 3R1 ,2
 3R2 ,1
 3R3 ,7
 3R4 ,3
 3R5 ,5
 3R6 ,7
 3R7 ,9
 3R8 ,2
 3R9 ,10
 3RC ,1
 3RO ,1
 3RS ,2
 3RT ,1
 3RU ,1
 3S2 ,15
 3S4 ,2
 3S5 ,1
 3S7 ,11
 3S8 ,15
 3SG ,4
 3SL ,1
 3SM ,5
 3SQ ,15
 3SY ,3
 3SZ ,6
 3T0 ,4
 3T1 ,2
 3T2 ,3
 3T3 ,1
 3T4 ,1
 3T5 ,4
 3T6 ,1
 3T7 ,1
 3T8 ,1
 3T9 ,1
 3TA ,2
 3TA1 ,3
 3TE ,9
 3TE3 ,1
 3TE8 ,1
 3TN9 ,1
 3TR ,5
 3TS0 ,2
 3TV ,1
 3TX1 ,1
 3TX3 ,2
 3TX6 ,4
 3TX9 ,1
 3U1 ,1
 3U2 ,18
 3U3 ,3
 3U5 ,1
 3U7 ,1
 3V0 ,2
 3V1 ,2
 3V4 ,4
 3V5 ,20
 3V6 ,4
 3V8 ,1
 3VA3 ,10
 3VA7 ,3
 3VA8 ,4
 3VO ,1
 3VS ,4
 3W12 ,1
 3W19 ,1
 3W2 ,5
 3W3 ,5
 3W5 ,2
 3W6 ,2
 3W7 ,1
 3WA ,1
 3WA0 ,1
 3WA1 ,4
 3WE ,4
 3WI9 ,2
 3WN4 ,1
 3WO ,1
 3X1 ,2
 3X57 ,1
 3XS7 ,3
 3Y2 ,2
 3Y3 ,5
 3Y4 ,1
 3YR ,1
 3Z1 ,1
 401 ,2
 404 ,1
 407 ,1
 40A ,1
 40AK ,2
 40C ,4
 40D ,3
 40E ,8
 40G ,9
 40I ,6
 40I6 ,1
 40I7 ,1
 40J ,3
 40M ,2
 40MT ,1
 40N ,12
 40PN ,1
 40R5 ,1
 40U ,1
 40X ,1
 40XS ,2
 412 ,1
 413 ,1
 414 ,1
 417 ,2
 418 ,1
 419 ,1
 41A ,2
 41C ,3
 41F ,2
 41II ,1
 41J ,1
 41KS ,1
 41N ,3
 41S ,1
 421 ,1
 42A ,3
 42B ,13
 42C ,5
 42CN ,1
 42D ,1
 42I ,6
 42J ,7
 42K ,1
 42KY ,2
 42M ,1
 42NC ,1
 42PA ,1
 42S ,1
 42U ,15
 42V ,1
 42VA ,1
 43 ,1
 436 ,1
 43A ,2
 43AA ,2
 43AK ,1
 43CO ,1
 43D ,2
 43E ,1
 43G ,3
 43M ,2
 43N ,4
 43NC ,4
 43TX ,1
 43U ,4
 43WI ,1
 43Y ,1
 441 ,1
 4452 ,1
 44A ,1
 44AK ,1
 44B ,2
 44C ,2
 44D ,1
 44F ,3
 44G ,1
 44I ,1
 44J ,19
 44M ,5
 44MN ,1
 44N ,26
 44S ,3
 44TE ,3
 44U ,3
 45C ,2
 45D ,2
 45G ,9
 45IN ,1
 45KS ,1
 45R ,1
 45V ,2
 46 ,1
 468 ,2
 46A ,7
 46CN ,9
 46D ,4
 46II ,1
 46J ,1
 46K ,1
 46N ,7
 46NJ ,1
 46S ,3
 46U ,3
 474 ,1
 47A ,7
 47C ,1
 47G ,1
 47I ,1
 47J ,5
 47K ,1
 47N ,17
 47S ,1
 48A ,1
 48AR ,1
 48AZ ,2
 48D ,4
 48GA ,1
 48I ,4
 48J ,1
 48K ,1
 48NC ,1
 48S ,1
 48TE ,1
 48TX ,1
 48V ,44
 48X ,10
 48Y ,1
 49A ,4
 49B ,2
 49C ,2
 49CN ,1
 49E ,3
 49G ,1
 49I ,3
 49IL ,1
 49J ,9
 49N ,3
 49NY ,2
 49R ,4
 49WA ,1
 49WI ,1
 49X ,2
 49Y ,1
 4A0 ,5
 4A2 ,2
 4A3 ,1
 4A4 ,5
 4A6 ,3
 4A7 ,17
 4A9 ,9
 4AC ,43
 4AK6 ,7
 4AK9 ,1
 4AL7 ,1
 4AL9 ,2
 4AO ,2
 4AQ ,1
 4AR5 ,2
 4AZ7 ,2
 4AZ8 ,1
 4B0 ,3
 4B1 ,7
 4B2 ,2
 4B4 ,1
 4B6 ,1
 4B7 ,3
 4B8 ,19
 4B9 ,10
 4BO ,2
 4C02 ,1
 4C03 ,3
 4C1 ,1
 4C2 ,1
 4C4 ,2
 4C8 ,1
 4CA2 ,1
 4CA4 ,1
 4CA7 ,2
 4CO2 ,6
 4CO3 ,1
 4CR ,1
 4D0 ,3
 4D1 ,3
 4D3 ,1
 4D4 ,2
 4D6 ,1
 4DO ,2
 4EO ,1
 4F1 ,2
 4F2 ,3
 4F3 ,1
 4F4 ,4
 4G0 ,2
 4G1 ,6
 4G2 ,6
 4G3 ,2
 4G4 ,9
 4G5 ,1
 4G6 ,3
 4G7 ,6
 4G8 ,4
 4G9 ,4
 4GA6 ,1
 4GA8 ,1
 4GA9 ,1
 4GO ,1
 4GS ,1
 4H7 ,1
 4I0 ,1
 4I2 ,3
 4I3 ,7
 4I5 ,1
 4I7 ,6
 4I8 ,8
 4I9 ,4
 4IA2 ,1
 4IA5 ,1
 4IL3 ,1
 4IL5 ,1
 4IN8 ,1
 4J1 ,1
 4J2 ,1
 4J5 ,1
 4J6 ,5
 4J9 ,1
 4K3 ,2
 4K4 ,1
 4K5 ,1
 4K6 ,3
 4KA ,1
 4KS1 ,1
 4KS7 ,1
 4L0 ,1
 4L8 ,2
 4LA8 ,1
 4LJ ,1
 4LO ,1
 4M0 ,1
 4M04 ,1
 4M1 ,2
 4M2 ,1
 4M3 ,8
 4M4 ,2
 4M7 ,2
 4M9 ,3
 4MD1 ,3
 4MNO ,1
 4MO4 ,1
 4N0 ,2
 4N1 ,37
 4N2 ,1
 4N7 ,4
 4N8 ,4
 4N9Q ,1
 4NC5 ,1
 4NC6 ,1
 4NC8 ,4
 4NY7 ,2
 4NY8 ,3
 4NYO ,1
 4O3 ,1
 4O4 ,2
 4OC ,1
 4OH6 ,1
 4OI8 ,1
 4OI9 ,1
 4OK4 ,1
 4P3 ,1
 4P4 ,1
 4P5 ,1
 4PA1 ,1
 4PH ,2
 4PN5 ,1
 4PN7 ,1
 4Q5 ,4
 4R0 ,1
 4R1 ,2
 4R2 ,7
 4R3 ,3
 4R4 ,3
 4R5 ,2
 4R7 ,2
 4R8 ,2
 4R9 ,3
 4S1 ,4
 4S2 ,20
 4S3 ,3
 4S4 ,2
 4S5 ,1
 4S6 ,3
 4S9 ,9
 4SD ,50
 4T5 ,1
 4T6 ,4
 4TA2 ,2
 4TN3 ,2
 4TS5 ,1
 4TS8 ,1
 4TX ,1
 4TX3 ,1
 4TX6 ,1
 4U5 ,1
 4U6 ,2
 4V0 ,5
 4V1 ,2
 4V3 ,1
 4V4 ,2
 4V7 ,2
 4V8 ,10
 4V9 ,2
 4VO ,1
 4W0 ,4
 4W10 ,2
 4W11 ,1
 4W3 ,1
 4W6 ,4
 4W8 ,1
 4WA1 ,1
 4WA4 ,1
 4WA5 ,1
 4WA6 ,1
 4WA9 ,2
 4WI3 ,2
 4WI8 ,1
 4WN3 ,1
 4WN7 ,1
 4X2 ,2
 4XS7 ,3
 4Y4 ,1
 4Z5 ,3
 4Z9 ,1
 4sd ,1
 50 J ,1
 5000 ,1
 501 ,2
 502 ,1
 509 ,1
 50A ,3
 50D ,2
 50E ,1
 50F ,13
 50G ,4
 50I ,3
 50J ,6
 50K ,1
 50M ,2
 50OR ,1
 50R ,5
 50S ,3
 50Y ,2
 51A ,1
 51AZ ,2
 51B ,1
 51D ,2
 51G ,1
 51I ,1
 51J ,1
 51K ,1
 51NC ,1
 51OK ,1
 51R ,1
 51VA ,1
 51WA ,4
 51WI ,2
 51Z ,1
 521 ,1
 52A ,3
 52B ,3
 52C ,6
 52CA ,1
 52CL ,4
 52D ,1
 52E ,2
 52F ,29
 52FL ,1
 52I ,2
 52J ,1
 52K ,1
 52LA ,1
 52NM ,1
 52S ,3
 53A ,2
 53CA ,2
 53F ,1
 53II ,1
 53J ,1
 53K ,6
 53LA ,1
 53OK ,1
 53TX ,3
 53U ,4
 53VA ,2
 53XS ,1
 543 ,1
 54A ,3
 54CL ,2
 54D ,2
 54F ,2
 54IL ,1
 54J ,7
 54M ,2
 54MI ,1
 54R ,1
 54S ,1
 54T ,5
 54TX ,3
 54Y ,4
 550 ,1
 559 ,1
 55AK ,2
 55AR ,1
 55C ,12
 55D ,2
 55G ,1
 55H ,6
 55I ,1
 55J ,21
 55LL ,8
 55M ,1
 55OI ,2
 55S ,1
 55W ,1
 55XS ,2
 55m ,1
 56A ,1
 56C ,1
 56CL ,1
 56CO ,1
 56D ,1
 56E ,1
 56G ,1
 56K ,1
 56M ,1
 56NC ,1
 56PA ,1
 56S ,2
 56T ,1
 56Y ,1
 57A ,3
 57AZ ,8
 57B ,2
 57C ,12
 57D ,7
 57GA ,1
 57K ,2
 57M ,2
 57R ,1
 57Y ,4
 580H ,2
 586 ,1
 588 ,2
 58C ,2
 58IN ,1
 58J ,4
 58KS ,1
 58KY ,1
 58M ,6
 58MN ,1
 58N ,7
 58S ,1
 59B ,2
 59CO ,1
 59F ,1
 59FD ,1
 59J ,1
 59M ,3
 59PA ,1
 59S ,19
 5A1 ,1
 5A2 ,2
 5A3 ,5
 5A5 ,1
 5A6 ,2
 5A7 ,3
 5A8 ,1
 5A9 ,5
 5AK ,1
 5AK3 ,1
 5AK5 ,2
 5AR1 ,1
 5AR7 ,1
 5AZ3 ,1
 5AZ9 ,1
 5B0 ,4
 5B1 ,2
 5B2 ,11
 5B3 ,8
 5B4 ,6
 5B5 ,6
 5B6 ,10
 5B7 ,9
 5B9 ,2
 5BD ,1
 5BK ,2
 5BL ,2
 5BO ,3
 5C0 ,1
 5C00 ,7
 5C1 ,19
 5C2 ,3
 5C3 ,2
 5C8 ,2
 5CA7 ,1
 5CI ,1
 5CO0 ,8
 5COO ,1
 5D3 ,5
 5D4 ,2
 5D5 ,2
 5D7 ,2
 5D8 ,5
 5DL ,1
 5E9 ,1
 5F0 ,1
 5F1 ,1
 5F2 ,2
 5F4 ,3
 5F8 ,3
 5F9 ,1
 5FA1 ,1
 5FL7 ,4
 5G0 ,3
 5G3 ,2
 5G6 ,1
 5G7 ,8
 5G8 ,10
 5G9 ,13
 5GA2 ,3
 5GA3 ,3
 5GA4 ,7
 5H3 ,1
 5H4 ,1
 5HO ,4
 5I0 ,1
 5I1 ,2
 5I4 ,1
 5II0 ,2
 5IS1 ,1
 5J0 ,3
 5J5 ,2
 5J8 ,3
 5JD ,1
 5JN ,1
 5K1 ,1
 5K2 ,2
 5K4 ,1
 5K5 ,1
 5KE ,6
 5KS ,3
 5KSO ,1
 5KY3 ,1
 5KY4 ,1
 5L0 ,1
 5L3 ,1
 5L4 ,1
 5LA2 ,1
 5LE ,1
 5LLO ,1
 5M0 ,2
 5M1 ,3
 5M3 ,3
 5M4 ,1
 5M5 ,1
 5M7 ,1
 5ME ,3
 5MI ,1
 5MK ,1
 5MO ,1
 5MS2 ,1
 5MS5 ,1
 5N4 ,1
 5N5 ,2
 5N7 ,1
 5N8 ,2
 5NC2 ,1
 5NC3 ,3
 5NC4 ,1
 5ND3 ,1
 5ND6 ,2
 5ND9 ,2
 5NE7 ,1
 5NK ,10
 5NK9 ,1
 5NN ,6
 5NY5 ,2
 5OI ,1
 5OJ ,1
 5OR5 ,1
 5PA5 ,1
 5PA9 ,1
 5PN9 ,1
 5PS5 ,1
 5Q9 ,1
 5QA ,1
 5QC ,1
 5QN ,2
 5R2 ,7
 5R3 ,7
 5R4 ,7
 5R5 ,4
 5R7 ,8
 5S0 ,1
 5S1 ,1
 5S2 ,3
 5S4 ,1
 5S9 ,2
 5SC5 ,1
 5SD ,1
 5T4 ,1
 5T5 ,1
 5T6 ,22
 5T9 ,2
 5TA1 ,4
 5TA4 ,3
 5TAO ,1
 5TE ,1
 5TE0 ,1
 5TE8 ,1
 5TX0 ,1
 5TXO ,1
 5U0 ,2
 5U2 ,1
 5U3 ,2
 5U5 ,1
 5UA ,1
 5V3 ,2
 5V4 ,7
 5V5 ,1
 5V6 ,1
 5V8 ,1
 5W2 ,1
 5W3 ,1
 5W4 ,7
 5W5 ,14
 5W8 ,3
 5WA1 ,1
 5WA8 ,1
 5WA9 ,1
 5WW ,1
 5X1 ,2
 5XS5 ,2
 5Y0 ,3
 5Y2 ,5
 5Y4 ,1
 5Y7 ,2
 5Z1 ,1
 5Z5 ,1
 5Z9 ,1
 5t6 ,1
 6 ,1
 605 ,1
 607 ,1
 60A ,1
 60C ,1
 60E ,1
 60F ,1
 60G ,2
 60J ,3
 60M ,3
 60NC ,1
 60R ,3
 60R9 ,1
 60S ,7
 60T ,1
 60TA ,1
 60TE ,1
 60X ,1
 60Y ,1
 614 ,2
 61AR ,1
 61B ,21
 61C ,4
 61CA ,2
 61CL ,1
 61D ,13
 61F ,1
 61G ,1
 61GA ,1
 61K ,1
 61L6 ,1
 61OR ,1
 61Q ,3
 61S ,11
 61TE ,2
 61VA ,1
 61X ,2
 61Y ,2
 62C ,2
 62D ,2
 62F ,2
 62GA ,2
 62H ,3
 62J ,1
 62M ,1
 62NM ,1
 62NY ,2
 62OH ,1
 62OR ,1
 62PA ,1
 62S ,2
 62VA ,2
 62Y ,1
 635 ,1
 63A ,1
 63B ,8
 63C ,1
 63D ,1
 63F ,1
 63II ,1
 63K ,1
 63L ,1
 63NE ,1
 63S ,10
 63Y ,2
 64A ,2
 64C ,4
 64CT ,2
 64D ,2
 64F ,1
 64FA ,3
 64G ,1
 64GA ,1
 64I ,1
 64J ,1
 64K ,1
 64S ,4
 64U ,2
 64V ,1
 64X ,2
 65AZ ,1
 65CN ,2
 65G ,7
 65LA ,4
 65NJ ,1
 65S ,5
 65WA ,1
 664 ,1
 66A ,2
 66D ,2
 66G ,7
 66IN ,1
 66NY ,1
 66R ,2
 66S ,7
 66TS ,1
 66U ,1
 66WA ,3
 66XS ,1
 66Y ,2
 67A ,1
 67AK ,1
 67D ,6
 67FL ,1
 67L ,10
 67NE ,1
 67Q ,2
 67R ,2
 67S ,1
 67TA ,1
 67WA ,1
 686 ,1
 689 ,1
 68C ,3
 68CA ,1
 68FD ,1
 68G ,3
 68GA ,3
 68I ,1
 68IL ,2
 68IS ,1
 68J ,6
 68MG ,1
 68NC ,1
 68PA ,1
 68R ,1
 68S ,4
 68TS ,1
 68WA ,2
 69G ,12
 69K ,4
 69N ,9
 69OR ,1
 69R ,2
 69U ,2
 69V ,1
 6A0 ,5
 6A2 ,15
 6A3 ,5
 6A4 ,1
 6A5 ,2
 6A6 ,3
 6A9 ,1
 6AK ,1
 6AK2 ,1
 6AK8 ,1
 6AO ,2
 6AZ8 ,2
 6B0 ,3
 6B1 ,5
 6B4 ,3
 6B6 ,29
 6B8 ,3
 6B9 ,4
 6C0 ,1
 6C8 ,3
 6CA1 ,1
 6CA5 ,4
 6CA7 ,1
 6CM ,1
 6D1 ,1
 6D6 ,7
 6D7 ,1
 6D8 ,1
 6D9 ,3
 6F1 ,2
 6F3 ,2
 6F4 ,8
 6F7 ,3
 6F8 ,1
 6FL0 ,11
 6FL5 ,1
 6FLO ,2
 6G0 ,2
 6G1 ,4
 6G2 ,2
 6G3 ,2
 6G4 ,2
 6G8 ,6
 6GA2 ,1
 6GI ,1
 6H8 ,1
 6I2 ,5
 6I4 ,8
 6I7 ,1
 6I8 ,1
 6I9 ,1
 6IL0 ,1
 6IL5 ,1
 6IS0 ,1
 6J0 ,3
 6J2 ,1
 6J4 ,1
 6J6 ,3
 6J7 ,2
 6J8 ,2
 6J9 ,3
 6JO ,2
 6K1 ,1
 6K3 ,1
 6K5 ,9
 6K7 ,1
 6K8 ,5
 6K9 ,1
 6L3 ,3
 6L4 ,2
 6L5 ,1
 6LD ,1
 6LL6 ,1
 6M06 ,1
 6M07 ,1
 6M2 ,1
 6M21 ,1
 6M3 ,1
 6M5 ,1
 6M8 ,2
 6MA0 ,1
 6MA3 ,1
 6MD ,1
 6MD8 ,1
 6MN7 ,1
 6MN9 ,3
 6MO ,1
 6MO2 ,2
 6MS1 ,1
 6N4 ,1
 6N5 ,7
 6N7 ,1
 6N9 ,1
 6NA9 ,2
 6NC0 ,2
 6NC3 ,1
 6NC9 ,2
 6NCO ,3
 6P3 ,2
 6PA0 ,2
 6PA6 ,1
 6PS3 ,2
 6R0 ,2
 6R1 ,5
 6R3 ,6
 6R4 ,3
 6R5 ,6
 6R6 ,2
 6R9 ,5
 6RO ,1
 6S0 ,1
 6S1 ,3
 6S2 ,7
 6S3 ,3
 6S4 ,2
 6S5 ,24
 6S8 ,19
 6S9 ,3
 6SY ,1
 6T4 ,1
 6T8 ,1
 6TA4 ,1
 6TA8 ,1
 6TE2 ,1
 6TE7 ,1
 6TN3 ,2
 6TN7 ,1
 6TX9 ,1
 6U7 ,1
 6V3 ,1
 6V4 ,4
 6V5 ,2
 6V6 ,1
 6VO ,1
 6W6 ,4
 6WA2 ,2
 6X0 ,1
 6X5 ,1
 6X6 ,3
 6XS2 ,2
 6XS5 ,2
 6Y2 ,1
 6Y3 ,2
 6Y6 ,1
 6Y8 ,5
 6Y9 ,1
 6Z1 ,2
 7 ,1
 7 FL ,1
 702 ,2
 704 ,1
 70CL ,1
 70J ,2
 70K ,2
 70KY ,2
 70N ,1
 70R0 ,1
 70S ,4
 70VA ,2
 713 ,1
 717 ,1
 71J ,5
 71K ,5
 71S ,1
 71TA ,1
 71V ,12
 72A ,3
 72CL ,1
 72FL ,1
 72KS ,1
 72N ,2
 72S ,2
 72TA ,1
 72X ,2
 72Y ,1
 73B ,1
 73C ,3
 73E ,1
 73G ,1
 73H ,1
 73J ,3
 73K ,1
 73KY ,1
 73L ,1
 73MU ,1
 73S ,2
 73V ,1
 73WA ,1
 74 ,1
 745 ,1
 74D ,3
 74N ,1
 74NE ,1
 74P ,1
 74Q ,1
 74R ,3
 74S ,12
 74V ,7
 74W ,1
 74WA ,1
 74Y ,1
 752 ,1
 758 ,1
 75AR ,1
 75FL ,5
 75G ,3
 75J ,2
 75K ,1
 75S ,4
 75WA ,1
 75Y ,1
 76AK ,1
 76C ,6
 76D ,5
 76G ,11
 76N ,15
 76S ,2
 76V ,2
 76W ,1
 76Y ,3
 77A ,1
 77AK ,1
 77B ,1
 77C ,2
 77D ,5
 77G ,4
 77K ,1
 77L ,1
 77NY ,1
 77S ,16
 77T ,8
 77TN ,1
 78A ,3
 78AA ,1
 78D ,2
 78FL ,1
 78N ,2
 78NC ,2
 78OH ,1
 78OR ,1
 78PA ,1
 78WA ,2
 78Y ,4
 793 ,1
 79A ,1
 79AK ,1
 79C ,10
 79D ,1
 79F ,1
 79GA ,2
 79I ,1
 79J ,5
 79N ,3
 79NC ,3
 79OH ,1
 79PN ,1
 79R ,1
 79S ,2
 79U ,1
 7A0 ,1
 7A1 ,5
 7A2 ,1
 7A3 ,3
 7A4 ,3
 7A5 ,2
 7A8 ,5
 7AK1 ,1
 7AK3 ,1
 7AL ,1
 7AL9 ,1
 7B2 ,11
 7B3 ,16
 7B4 ,2
 7B6 ,6
 7B7 ,1
 7B8 ,4
 7B9 ,17
 7C00 ,1
 7C03 ,1
 7C3 ,1
 7C5 ,2
 7CA2 ,2
 7CO0 ,1
 7CO4 ,1
 7D2 ,15
 7D3 ,1
 7D5 ,1
 7D8 ,1
 7D9 ,1
 7DC ,1
 7E0 ,2
 7E5 ,1
 7E7 ,2
 7ED ,1
 7F3 ,8
 7F5 ,2
 7F7 ,6
 7FA1 ,1
 7FA5 ,1
 7FL1 ,1
 7FL4 ,4
 7FL6 ,29
 7FS ,1
 7G0 ,3
 7G1 ,6
 7G2 ,2
 7G4 ,3
 7G8 ,11
 7GA7 ,1
 7GO ,1
 7I2 ,1
 7I4 ,1
 7I7 ,2
 7I8 ,1
 7IA1 ,2
 7IL6 ,1
 7IL7 ,1
 7IS2 ,1
 7J0 ,2
 7J1 ,2
 7J2 ,1
 7J5 ,1
 7J9 ,2
 7K0 ,2
 7K1 ,1
 7K4 ,1
 7K5 ,2
 7K8 ,5
 7K9 ,1
 7KS1 ,2
 7KY2 ,1
 7KY3 ,1
 7L2 ,1
 7LA1 ,2
 7LS3 ,1
 7M1 ,5
 7M2 ,2
 7M3 ,2
 7M4 ,5
 7M5 ,3
 7M6 ,2
 7M7 ,1
 7M8 ,1
 7M9 ,1
 7MI1 ,1
 7MI2 ,1
 7MI3 ,1
 7MI5 ,1
 7MO ,1
 7MS ,1
 7MS3 ,1
 7MY ,6
 7N1 ,2
 7N48 ,1
 7N5 ,1
 7N7 ,4
 7N8 ,11
 7NC1 ,2
 7NC2 ,1
 7NC5 ,2
 7NC6 ,1
 7NJ9 ,1
 7NK4 ,2
 7NY2 ,1
 7O0 ,1
 7OH0 ,1
 7OR0 ,3
 7OR8 ,2
 7PA1 ,2
 7PS4 ,1
 7R1 ,1
 7R3 ,1
 7R4 ,1
 7R5 ,1
 7R9 ,3
 7S0 ,4
 7S3 ,21
 7S4 ,1
 7S5 ,18
 7S6 ,2
 7S8 ,1
 7S9 ,7
 7SP ,6
 7T3 ,1
 7T7 ,2
 7TA7 ,6
 7TA8 ,3
 7TS0 ,1
 7TS9 ,1
 7TX4 ,2
 7TX6 ,5
 7TX7 ,1
 7TXT ,1
 7V1 ,16
 7V2 ,1
 7V3 ,2
 7V5 ,2
 7V6 ,2
 7V7 ,2
 7V9 ,3
 7VG0 ,6
 7VGO ,1
 7W1 ,1
 7W18 ,1
 7W2 ,1
 7W4 ,2
 7W5 ,1
 7W6 ,1
 7W7 ,1
 7W9 ,1
 7WA5 ,3
 7X1 ,2
 7X50 ,2
 7XS0 ,2
 7Y2 ,2
 7Y3 ,3
 7Y4 ,1
 7Y7 ,3
 7Y9 ,1
 7YO ,1
 8 ,1
 800 ,1
 8013 ,1
 807 ,2
 808 ,1
 80A7 ,1
 80B ,1
 80C ,1
 80D ,2
 80F ,1
 80G ,1
 80H4 ,1
 80J ,2
 80K ,2
 80KY ,2
 80PN ,1
 80T ,3
 80V ,2
 80VA ,2
 80WA ,2
 80XS ,1
 810K ,1
 813 ,1
 81B ,3
 81C ,1
 81D ,2
 81IL ,1
 81J ,9
 81KS ,1
 81LA ,1
 81R ,2
 81W ,2
 81X ,1
 81XA ,1
 82 ,1
 820 ,1
 82A ,1
 82C ,2
 82CL ,1
 82D ,1
 82J ,18
 82K ,1
 82MN ,1
 82N ,1
 82TS ,2
 82V ,6
 83A ,1
 83C ,1
 83D ,7
 83FL ,1
 83GA ,1
 83J ,10
 83K ,1
 83TX ,1
 83V ,1
 84A ,14
 84D ,1
 84F ,1
 84K ,1
 84OH ,1
 84R ,2
 852 ,1
 85M ,1
 85N ,1
 85NK ,1
 85TA ,1
 85TE ,3
 85TX ,1
 85U ,4
 86G ,1
 86IL ,1
 86K ,3
 86NC ,2
 86R ,1
 86TN ,1
 86U ,1
 86WA ,2
 86X ,2
 87F ,2
 87K ,2
 87Y ,6
 88AK ,3
 88B ,1
 88C ,5
 88D ,1
 88G ,2
 88J ,6
 88M ,1
 88NV ,3
 88OR ,1
 88R ,11
 88WI ,1
 89AK ,1
 89D ,12
 89N ,3
 89NC ,1
 89TA ,3
 8A0 ,2
 8A1 ,9
 8A2 ,1
 8A3 ,3
 8A4 ,17
 8A5 ,1
 8A6 ,5
 8A7 ,14
 8A9 ,7
 8AF4 ,1
 8AG ,1
 8AK8 ,2
 8AK9 ,1
 8B0 ,1
 8B1 ,3
 8B2 ,1
 8B4 ,1
 8B5 ,4
 8B6 ,1
 8B8 ,9
 8BR ,1
 8C2 ,2
 8C3 ,1
 8C4 ,1
 8C5 ,2
 8C6 ,3
 8CO5 ,1
 8CO7 ,1
 8D1 ,4
 8D3 ,2
 8D4 ,8
 8D7 ,2
 8E4 ,1
 8E9 ,1
 8EO ,1
 8F3 ,3
 8F4 ,2
 8F7 ,8
 8F8 ,1
 8FL2 ,1
 8FL3 ,3
 8G1 ,1
 8G2 ,3
 8G4 ,1
 8G5 ,1
 8G6 ,5
 8G7 ,6
 8G8 ,2
 8GA0 ,1
 8GA1 ,1
 8GA4 ,1
 8GA8 ,1
 8GA9 ,3
 8H2 ,1
 8H3 ,1
 8I2 ,1
 8I3 ,7
 8IS7 ,1
 8K0 ,2
 8K2 ,3
 8K4 ,2
 8K7 ,1
 8K8 ,1
 8KA ,4
 8KS8 ,1
 8L8 ,1
 8M01 ,1
 8M1 ,1
 8M2 ,3
 8M6 ,1
 8M7 ,2
 8M9 ,2
 8MI3 ,1
 8MO3 ,1
 8N1 ,1
 8N2 ,2
 8N4 ,2
 8N7 ,4
 8N8 ,4
 8N9 ,2
 8NC ,1
 8NC2 ,2
 8NC8 ,4
 8NC9 ,2
 8ND4 ,1
 8NE4 ,1
 8NI ,1
 8NK4 ,1
 8NY8 ,1
 8OH5 ,1
 8OH9 ,1
 8OK6 ,1
 8ON ,1
 8PA0 ,1
 8PA1 ,2
 8PS2 ,1
 8Q0 ,2
 8Q3 ,2
 8Q7 ,10
 8R4 ,1
 8S0 ,1
 8S1 ,5
 8S2 ,6
 8S3 ,1
 8S4 ,4
 8S5 ,7
 8S8 ,2
 8T8 ,5
 8TA0 ,1
 8TAO ,1
 8TN7 ,3
 8TS3 ,1
 8TS4 ,1
 8TX7 ,1
 8U2 ,7
 8U4 ,2
 8U6 ,2
 8U8 ,4
 8U9 ,2
 8V0 ,1
 8V1 ,5
 8V2 ,4
 8V5 ,3
 8V6 ,2
 8V7 ,3
 8VA6 ,1
 8W ,1
 8W1 ,1
 8W2 ,4
 8W3 ,1
 8W5 ,6
 8W8 ,3
 8WA ,2
 8WA0 ,3
 8WA7 ,1
 8WC ,1
 8X53 ,1
 8X6 ,1
 8XS9 ,3
 8Y0 ,1
 8Y2 ,6
 8Y4 ,2
 8Y5 ,1
 8Y6 ,7
 903 ,1
 90CL ,1
 90D ,1
 90F ,1
 90IN ,2
 90WA ,1
 90Y ,1
 914 ,1
 917 ,1
 91C ,7
 91CO ,1
 91L ,1
 91M ,1
 91NY ,1
 91OR ,1
 91VA ,1
 921N ,1
 923 ,1
 92A ,8
 92C ,7
 92CA ,1
 92F ,3
 92FL ,2
 92IN ,1
 92N ,1
 92W ,1
 93B ,3
 93C ,2
 93CO ,1
 93E ,1
 93FL ,1
 93J ,1
 93V ,2
 93XS ,1
 93Y ,2
 941 ,1
 94E ,5
 94FL ,5
 94K ,1
 94VA ,1
 94Z ,2
 95C ,1
 95CA ,1
 95D ,4
 95F ,2
 95G ,1
 95XS ,1
 95Z ,12
 96C ,1
 96FL ,1
 96KY ,1
 96M ,1
 96OK ,1
 96PA ,1
 96WI ,1
 96Y ,1
 97F ,2
 97FL ,5
 97J ,1
 97MT ,2
 97NY ,1
 97OG ,1
 97PA ,1
 97Y ,1
 97Z ,1
 989 ,1
 98D ,1
 98G ,3
 98IN ,1
 98V ,1
 98Z ,1
 999 ,1
 99CO ,1
 99N ,1
 99V ,4
 99Z ,4
 9A ,1
 9A0 ,8
 9A1 ,10
 9A2 ,2
 9A3 ,2
 9A4 ,4
 9A5 ,9
 9A6 ,5
 9A7 ,7
 9A9 ,4
 9AK ,1
 9AK2 ,1
 9AK3 ,1
 9AK7 ,1
 9AO ,1
 9B1 ,16
 9B3 ,2
 9B4 ,1
 9B8 ,1
 9B9 ,2
 9BI ,1
 9BO ,1
 9C08 ,2
 9C1 ,1
 9C2 ,3
 9C8 ,2
 9CA6 ,1
 9CO3 ,1
 9CO8 ,1
 9D0 ,2
 9D2 ,1
 9D4 ,6
 9D7 ,4
 9D9 ,6
 9F0 ,1
 9F3 ,1
 9F9 ,7
 9FD2 ,3
 9FL ,1
 9FL0 ,1
 9FL1 ,1
 9FL7 ,1
 9FLO ,2
 9G0 ,4
 9G1 ,6
 9G2 ,5
 9G3 ,4
 9G5 ,4
 9G6 ,4
 9G7 ,1
 9G8 ,4
 9GA1 ,2
 9GA9 ,1
 9GB ,1
 9GI ,1
 9GO ,1
 9H8 ,3
 9I3 ,4
 9I5 ,1
 9II2 ,1
 9IL2 ,1
 9IN6 ,1
 9IS0 ,1
 9K0 ,4
 9K2 ,1
 9K4 ,12
 9K5 ,2
 9K6 ,1
 9K7 ,2
 9K8 ,4
 9L4 ,1
 9LA6 ,3
 9LAG ,1
 9M2 ,1
 9M4 ,1
 9M6 ,2
 9M8 ,6
 9MN4 ,1
 9N1 ,22
 9N3 ,15
 9N5 ,1
 9N7 ,6
 9NC2 ,2
 9NC3 ,1
 9OA1 ,1
 9OA5 ,1
 9OH6 ,1
 9PN8 ,1
 9PS2 ,1
 9Q3 ,1
 9R4 ,1
 9R5 ,5
 9R6 ,1
 9S1 ,9
 9S4 ,1
 9S5 ,7
 9S7 ,1
 9S9 ,3
 9T4 ,1
 9T8 ,1
 9TE5 ,1
 9TX3 ,1
 9TX9 ,1
 9U1 ,1
 9U4 ,1
 9V0 ,1
 9V1 ,1
 9V2 ,2
 9V3 ,1
 9V6 ,1
 9VA1 ,1
 9VG ,1
 9VG9 ,1
 9W0 ,3
 9W3 ,1
 9W4 ,1
 9W7 ,1
 9W8 ,1
 9W9 ,1
 9WN1 ,1
 9WN2 ,1
 9WN5 ,2
 9WO ,3
 9WS ,1
 9WS2 ,2
 9X1 ,4
 9X5 ,1
 9X52 ,1
 9X59 ,2
 9XS2 ,6
 9XS9 ,3
 9Y0 ,1
 9Y2 ,2
 9Y5 ,5
 9YO ,1
 9Z3 ,3
 9Z4 ,2
 9Z7 ,1
 9Z8 ,1
 A03 ,5
 A04 ,1
 A05 ,2
 A06 ,6
 A09 ,5
 A13 ,6
 A1Y ,2
 A1Z ,1
 A20 ,5
 A23 ,1
 A2CL ,1
 A32 ,3
 A34 ,5
 A36 ,1
 A39 ,4
 A442 ,1
 A50 ,1
 A51 ,1
 A5J ,1
 A61 ,1
 A64 ,1
 A77 ,1
 A8L ,1
 AA06 ,1
 AA85 ,1
 AAD ,1
 AAF ,4
 AAO ,9
 AAP ,9
 AAS ,5
 AAT ,5
 ABBN ,1
 ABE ,17
 ABI ,18
 ABO ,8
 ABQ ,62
 ABR ,9
 ABY ,5
 ACB ,5
 ACJ ,8
 ACK ,26
 ACP ,1
 ACQ ,2
 ACT ,4
 ACV ,8
 ACY ,19
 ACZ ,2
 AD ,1
 AD5 ,2
 ADA ,1
 ADG ,4
 ADH ,8
 ADM ,3
 ADO ,1
 ADQ ,6
 ADS ,40
 ADT ,1
 ADU ,4
 ADW ,5
 ADY ,1
 AE02 ,1
 AE25 ,1
 AE49 ,1
 AEG ,34
 AEJ ,2
 AEL ,4
 AET ,2
 AEX ,7
 AFB ,2
 AFE ,1
 AFF ,10
 AFJ ,6
 AFK ,1
 AFN ,8
 AFO ,18
 AFP ,3
 AFW ,10
 AG4 ,1
 AGC ,37
 AGGH ,1
 AGL ,4
 AGO ,4
 AGR ,1
 AGS ,13
 AGT ,1
 AHH ,2
 AHN ,17
 AHQ ,4
 AIA ,5
 AID ,18
 AIG ,3
 AIK ,8
 AIO ,1
 AIT ,4
 AIY ,16
 AIZ ,4
 AJO ,32
 AJR ,7
 AJZ ,4
 AK04 ,1
 AK06 ,1
 AK08 ,3
 AK09 ,1
 AK1 ,1
 AK12 ,4
 AK13 ,4
 AK14 ,1
 AK15 ,1
 AK22 ,3
 AK28 ,14
 AK29 ,1
 AK33 ,1
 AK40 ,2
 AK44 ,4
 AK45 ,1
 AK47 ,3
 AK48 ,2
 AK50 ,1
 AK51 ,1
 AK52 ,1
 AK54 ,1
 AK58 ,1
 AK59 ,1
 AK61 ,6
 AK63 ,2
 AK64 ,1
 AK65 ,1
 AK66 ,2
 AK69 ,1
 AK7 ,3
 AK73 ,2
 AK75 ,2
 AK76 ,1
 AK78 ,2
 AK83 ,1
 AK84 ,1
 AK85 ,2
 AK89 ,1
 AKC ,1
 AKI ,2
 AKN ,19
 AKO ,14
 AKP ,1
 AKQ ,6
 AKR ,14
 AKW ,1
 AL03 ,1
 AL08 ,1
 AL15 ,7
 AL17 ,1
 AL18 ,1
 AL27 ,1
 AL49 ,1
 AL54 ,1
 AL55 ,1
 AL56 ,1
 AL57 ,2
 AL74 ,1
 AL78 ,1
 ALA ,1
 ALB ,14
 ALH ,1
 ALI ,3
 ALIS ,1
 ALM ,12
 ALN ,16
 ALO ,10
 ALS ,10
 ALW ,7
 ALX ,6
 AMA ,13
 AME ,1
 AMG ,3
 AMN ,6
 AMP ,1
 AMW ,12
 ANB ,2
 ANC ,68
 AND ,10
 ANE ,27
 ANG ,1
 ANI ,6
 ANJ ,3
 ANK ,4
 ANP ,30
 ANQ ,10
 ANV ,1
 ANW ,5
 ANY ,2
 AO ,1
 AO3 ,1
 AOC ,4
 AOH ,5
 AOO ,7
 AOV ,2
 APA ,152
 APC ,29
 APE ,2
 APF ,48
 APG ,1
 APN ,6
 APT ,5
 APV ,28
 AQH ,5
 AQO ,10
 AQP ,1
 AQW ,5
 AQY ,11
 AR04 ,1
 AR17 ,1
 AR26 ,1
 AR28 ,1
 AR3 ,1
 AR50 ,1
 AR79 ,1
 AR88 ,3
 AR89 ,2
 AR91 ,1
 ARA ,7
 ARB ,15
 ARG ,6
 ARL ,3
 ARM ,2
 ARN ,1
 ARR ,25
 ART ,3
 ARV ,12
 ARW ,1
 ASD ,3
 ASE ,32
 ASG ,20
 ASH ,18
 ASL ,6
 ASN ,6
 AST ,5
 ASW ,7
 ASX ,3
 ATA ,3
 ATK ,1
 ATL ,70
 ATM ,1
 ATS ,5
 ATW ,11
 ATY ,6
 AUA ,1
 AUG ,19
 AUK ,1
 AUM ,5
 AUN ,34
 AUO ,15
 AUS ,25
 AUW ,8
 AVC ,1
 AVE ,1
 AVK ,1
 AVL ,14
 AVN ,1
 AVO ,10
 AVP ,11
 AVQ ,12
 AVX ,39
 AWG ,3
 AWM ,6
 AWN ,1
 AWO ,39
 AXA ,2
 AXH ,22
 AXN ,13
 AXQ ,1
 AXS ,7
 AXV ,2
 AXX ,15
 AYS ,12
 AZ03 ,3
 AZ05 ,9
 AZ06 ,1
 AZ26 ,1
 AZ27 ,4
 AZ38 ,1
 AZ43 ,1
 AZ46 ,1
 AZ47 ,1
 AZ50 ,1
 AZ57 ,2
 AZ67 ,6
 AZ70 ,1
 AZ78 ,1
 AZ81 ,3
 AZ82 ,8
 AZ86 ,2
 AZ89 ,1
 AZ90 ,1
 AZE ,2
 AZK ,1
 AZO ,14
 AZO5 ,1
 AZZO ,1
 B01 ,3
 B04 ,2
 B06 ,3
 B09 ,6
 B10 ,6
 B16 ,3
 B17 ,1
 B18 ,4
 B19 ,7
 B20 ,2
 B21 ,2
 BA4 ,2
 BAC ,1
 BAD ,1
 BAF ,18
 BAH ,1
 BAK ,7
 BAM ,7
 BAX ,2
 BAZ ,9
 BBB ,3
 BBD ,2
 BBG ,3
 BBP ,1
 BBW ,3
 BCB ,9
 BCE ,5
 BCK ,3
 BCN ,2
 BCT ,27
 BCV ,21
 BDE ,1
 BDG ,7
 BDH ,2
 BDJ ,1
 BDL ,14
 BDN ,8
 BDQ ,6
 BDR ,28
 BDU ,6
 BDX ,1
 BEC ,2
 BED ,25
 BEH ,7
 BET ,34
 BFA ,3
 BFD ,13
 BFF ,7
 BFI ,57
 BFL ,23
 BFM ,8
 BFR ,3
 BFW ,1
 BGD ,7
 BGE ,10
 BGF ,4
 BGGH ,1
 BGI ,1
 BGM ,13
 BGO ,2
 BGQ ,13
 BGR ,10
 BGS ,2
 BHB ,7
 BHI ,1
 BHM ,34
 BIAR ,1
 BID ,23
 BIE ,2
 BIH ,18
 BIKF ,3
 BIL ,50
 BIRK ,1
 BIS ,13
 BIV ,9
 BJC ,95
 BJI ,9
 BJJ ,9
 BKD ,8
 BKE ,9
 BKK ,1
 BKL ,16
 BKL; ,1
 BKP ,1
 BKS ,1
 BKT ,1
 BKU ,2
 BKV ,22
 BKW ,8
 BKX ,2
 BLD ,7
 BLF ,11
 BLG ,4
 BLH ,6
 BLI ,20
 BLM ,42
 BLO ,1
 BLU ,4
 BLV ,2
 BMC ,11
 BME ,1
 BMG ,20
 BMI ,20
 BML ,5
 BMQ ,12
 BMT ,9
 BNA ,43
 BNG ,16
 BNL ,6
 BNO ,13
 BNW ,5
 BOG ,2
 BOI ,45
 BOK ,7
 BOS ,58
 BOW ,9
 BPG ,2
 BPI ,4
 BPK ,5
 BPP ,1
 BPT ,11
 BPZ ,1
 BQK ,6
 BQN ,6
 BQR ,6
 BQU ,1
 BRD ,14
 BRL ,7
 BRO ,18
 BRS ,1
 BRW ,9
 BRY ,9
 BSP ,1
 BST ,3
 BTA ,3
 BTE ,2
 BTF ,34
 BTI ,1
 BTL ,13
 BTM ,11
 BTN ,1
 BTP ,18
 BTR ,19
 BTT ,4
 BTV ,20
 BTY ,4
 BUB ,2
 BUF ,14
 BUI ,1
 BUM ,7
 BUR ,32
 BUU ,6
 BUY ,10
 BV1 ,1
 BVI ,13
 BVK ,2
 BVN ,1
 BVO ,11
 BVS ,17
 BVU ,9
 BVX ,7
 BVY ,26
 BWC ,5
 BWD ,8
 BWG ,7
 BWI ,35
 BWP ,2
 BXA ,8
 BXG ,1
 BXK ,15
 BY1 ,1
 BY3 ,1
 BYG ,3
 BYI ,12
 BYO ,1
 BYY ,2
 BZM ,1
 BZN ,34
 C)12 ,1
 C-17 ,1
 C-18 ,1
 C-19 ,1
 C-29 ,1
 C-38 ,1
 C-59 ,1
 C-75 ,1
 C01 ,4
 C011 ,1
 C012 ,1
 C015 ,2
 C017 ,1
 C02 ,6
 C026 ,1
 C03 ,4
 C04 ,2
 C05 ,1
 C050 ,1
 C058 ,1
 C06 ,2
 C07 ,2
 C08 ,2
 C080 ,1
 C09 ,6
 C11 ,3
 C13 ,5
 C14 ,3
 C15 ,5
 C16 ,8
 C17 ,6
 C18 ,12
 C19 ,7
 C20 ,9
 C22 ,5
 C24 ,3
 C25 ,1
 C27 ,1
 C28 ,1
 C29 ,22
 C2N ,1
 C31 ,3
 C32 ,3
 C33 ,1
 C35 ,6
 C37 ,6
 C38 ,2
 C39 ,1
 C40 ,3
 C41 ,3
 C42 ,2
 C45 ,3
 C46 ,1
 C47 ,6
 C48 ,13
 C49 ,5
 C51 ,1
 C52 ,5
 C55 ,1
 C56 ,5
 C57 ,2
 C59 ,9
 C61 ,2
 C62 ,2
 C65 ,9
 C66 ,3
 C69 ,1
 C6X ,1
 C73 ,5
 C74 ,3
 C75 ,9
 C76 ,1
 C77 ,14
 C79 ,1
 C80 ,2
 C81 ,17
 C82 ,1
 C83 ,13
 C85 ,4
 C86 ,1
 C89 ,12
 C91 ,6
 C92 ,4
 C97 ,2
 C98 ,12
 CA ,2
 CA03 ,1
 CA06 ,1
 CA18 ,1
 CA20 ,2
 CA21 ,1
 CA35 ,10
 CA44 ,1
 CA51 ,1
 CA54 ,1
 CA58 ,1
 CA66 ,2
 CA73 ,1
 CA84 ,3
 CA89 ,4
 CAD ,7
 CAE ,31
 CAG ,6
 CAK ,19
 CAL ,1
 CAO ,1
 CAR ,1
 CAV ,3
 CBE ,10
 CBF ,16
 CBG ,5
 CBK ,3
 CBM ,1
 CBV ,1
 CBX ,1
 CC0 ,1
 CCA ,3
 CCB ,34
 CCN2 ,1
 CCO ,16
 CCR ,46
 CCS ,1
 CCY ,3
 CD23 ,1
 CD32 ,3
 CD69 ,1
 CD82 ,5
 CDA ,1
 CDB ,1
 CDC ,16
 CDD ,1
 CDG ,4
 CDH ,5
 CDI ,5
 CDK ,26
 CDN ,5
 CDR ,4
 CDS ,3
 CDV ,10
 CDW ,45
 CEA ,1
 CEC ,8
 CEF ,1
 CEK ,6
 CEM ,1
 CEU ,10
 CEV ,2
 CEW ,8
 CEY ,1
 CEZ ,12
 CFD ,12
 CFE ,2
 CFJ ,5
 CFK ,2
 CFT ,3
 CFV ,6
 CGC ,11
 CGE ,10
 CGF ,16
 CGI ,11
 CGQ ,1
 CGS ,12
 CGU ,1
 CGX ,10
 CGZ ,22
 CHA ,14
 CHD ,53
 CHK ,6
 CHN ,4
 CHO ,17
 CHP ,3
 CHQ ,2
 CHS ,20
 CHT ,4
 CHU ,1
 CHV ,1
 CIA ,1
 CIC ,14
 CID ,20
 CII ,1
 CIN ,6
 CIP ,1
 CIR ,2
 CIT ,1
 CIU ,2
 CJE4 ,1
 CJJ ,2
 CJR ,18
 CJX ,2
 CKB ,12
 CKC ,2
 CKF ,4
 CKI ,2
 CKM ,2
 CKN ,9
 CKP ,3
 CKU ,6
 CKV ,9
 CKZ ,3
 CL13 ,3
 CL23 ,2
 CL3 ,1
 CL35 ,10
 CL46 ,2
 CL47 ,2
 CL74 ,1
 CLE ,25
 CLF ,1
 CLG ,4
 CLI ,1
 CLK ,2
 CLL ,24
 CLM ,6
 CLP ,3
 CLR ,2
 CLS ,11
 CLT ,42
 CLW ,31
 CMA ,63
 CMD ,2
 CMH ,35
 CMI ,17
 CMMN ,1
 CMP ,2
 CMR ,2
 CMU ,1
 CMX ,6
 CMY ,3
 CN12 ,4
 CN13 ,2
 CN22 ,1
 CNB ,3
 CNC ,1
 CNG ,1
 CNH ,1
 CNI ,3
 CNK ,7
 CNM ,6
 CNO ,81
 CNP ,1
 CNS ,1
 CNU ,3
 CNY ,16
 CO1 ,3
 CO12 ,6
 CO15 ,7
 CO2 ,2
 CO20 ,1
 CO22 ,2
 CO26 ,7
 CO4 ,2
 CO43 ,1
 CO49 ,1
 CO5 ,1
 CO50 ,1
 CO53 ,1
 CO58 ,1
 CO66 ,1
 CO93 ,1
 CO96 ,1
 CO98 ,1
 COC ,1
 COD ,12
 COE ,22
 COI ,39
 COL ,2
 COM ,3
 CON ,14
 COO ,1
 COQ ,3
 COR ,1
 COS ,46
 COT ,3
 COU ,12
 CPC ,5
 CPF ,1
 CPH ,1
 CPK ,13
 CPM ,29
 CPR ,30
 CPS ,37
 CPT ,4
 CPU ,5
 CPX ,2
 CQA ,5
 CQF ,5
 CQM ,1
 CQX ,13
 CR1 ,1
 CRC ,2
 CRE ,35
 CRG ,48
 CRI ,1
 CRJ ,1
 CRO ,1
 CRP ,8
 CRQ ,33
 CRS ,8
 CRT ,1
 CRW ,21
 CRX ,2
 CRZ ,2
 CS ,1
 CSB ,3
 CSB3 ,2
 CSD4 ,1
 CSG ,17
 CSM ,3
 CSQ ,3
 CSR ,4
 CSV ,8
 CSZ ,1
 CT ,1
 CT04 ,2
 CT05 ,2
 CT24 ,5
 CT48 ,1
 CT73 ,1
 CT85 ,1
 CTB ,8
 CTJ ,13
 CTK ,6
 CTO ,2
 CTY ,5
 CTZ ,2
 CUB ,12
 CUH ,3
 CUL ,3
 CUP ,1
 CUT ,3
 CUW ,1
 CUX ,1
 CVB ,2
 CVD ,1
 CVG ,32
 CVH ,8
 CVN ,20
 CVO ,16
 CVW ,1
 CVX ,4
 CWA ,6
 CWC ,4
 CWF ,1
 CWI ,4
 CWN ,2
 CWS ,3
 CWV ,1
 CXC ,1
 CXF ,2
 CXL ,8
 CXO ,30
 CXP ,28
 CXR ,1
 CXU ,3
 CXY ,11
 CY5 ,1
 CYFB ,1
 CYGD ,1
 CYGO ,1
 CYHU ,2
 CYHZ ,1
 CYKZ ,1
 CYL ,1
 CYMX ,1
 CYO ,2
 CYOW ,1
 CYQA ,1
 CYQX ,3
 CYS ,24
 CYSB ,1
 CYT ,2
 CYTS ,1
 CYYC ,1
 CYYT ,1
 CYYZ ,1
 CZD ,1
 CZFD ,1
 CZG ,2
 CZK ,4
 CZL ,5
 CZO ,4
 D-13 ,1
 D-37 ,1
 D-73 ,1
 D/FW ,1
 D00 ,1
 D02 ,1
 D04 ,1
 D05 ,1
 D06 ,2
 D07 ,1
 D09 ,1
 D13 ,6
 D14 ,2
 D15 ,1
 D16 ,1
 D17 ,2
 D18 ,1
 D22 ,2
 D23 ,1
 D24 ,1
 D25 ,2
 D27 ,1
 D28 ,1
 D31 ,1
 D32 ,2
 D33 ,2
 D34 ,1
 D36 ,5
 D37 ,6
 D38 ,8
 D39 ,2
 D41 ,2
 D42 ,1
 D46 ,2
 D4G ,1
 D50 ,3
 D52 ,9
 D54 ,5
 D55 ,4
 D56 ,1
 D57 ,1
 D58 ,2
 D60 ,1
 D63 ,2
 D66 ,4
 D68 ,5
 D70 ,6
 D73 ,4
 D74 ,4
 D75 ,1
 D77 ,1
 D79 ,9
 D80 ,2
 D81 ,1
 D82 ,1
 D85 ,1
 D87 ,7
 D89 ,1
 D91 ,1
 D92 ,3
 D93 ,1
 D95 ,12
 D96 ,3
 D97 ,8
 D98 ,11
 DAAG ,1
 DAB ,56
 DAE ,1
 DAF ,2
 DAG ,8
 DAL ,25
 DAN ,7
 DAW ,3
 DAY ,16
 DBN ,1
 DBQ ,15
 DBX ,1
 DC08 ,1
 DCA ,23
 DCK ,1
 DCR ,3
 DCU ,7
 DCY ,3
 DDC ,5
 DDH ,4
 DDJ ,4
 DE17 ,2
 DE24 ,1
 DE25 ,2
 DE49 ,1
 DEC ,14
 DED ,26
 DEH ,1
 DEL ,1
 DEN ,113
 DEQ ,3
 DET ,30
 DEW ,6
 DFB ,1
 DFE ,1
 DFI ,2
 DFW ,62
 DGL ,5
 DGW ,8
 DHN ,7
 DHT ,7
 DIJ ,2
 DIK ,7
 DJN ,1
 DKB ,13
 DKK ,11
 DKX ,19
 DL2 ,2
 DL5 ,1
 DLC ,1
 DLG ,22
 DLH ,7
 DLL ,3
 DLN ,6
 DLO ,11
 DLS ,16
 DLT ,1
 DLV ,1
 DLZ ,7
 DMA ,2
 DMN ,13
 DMO ,2
 DMS ,1
 DMW ,8
 DNA ,2
 DNL ,9
 DNN ,11
 DNS ,2
 DNV ,5
 DOV ,2
 DPA ,50
 DPL ,5
 DQH ,3
 DRA ,1
 DRG ,2
 DRI ,1
 DRO ,23
 DRT ,10
 DRW ,1
 DSM ,26
 DST ,1
 DSV ,11
 DT1 ,1
 DTA ,8
 DTG ,6
 DTL ,6
 DTN ,9
 DTO ,24
 DTS ,14
 DTW ,44
 DUA ,7
 DUB ,1
 DUC ,3
 DUG ,3
 DUJ ,8
 DUN ,1
 DUR ,1
 DUT ,5
 DUX ,2
 DUY ,5
 DVK ,7
 DVL ,3
 DVN ,12
 DVO ,9
 DVT ,89
 DVX ,1
 DW ,1
 DWA ,4
 DWH ,61
 DWU ,4
 DXE ,4
 DXR ,48
 DXX ,1
 DYA ,2
 DYB ,8
 DYL ,7
 DYR ,5
 DYS ,5
 DYT ,3
 DZB ,3
 DZJ ,3
 E 31 ,1
 E-40 ,1
 E-68 ,1
 E01 ,2
 E02 ,6
 E05 ,2
 E06 ,1
 E11 ,6
 E13 ,2
 E14 ,18
 E15 ,8
 E16 ,10
 E18 ,3
 E24 ,1
 E25 ,23
 E26 ,1
 E29 ,1
 E31 ,1
 E32 ,1
 E34 ,3
 E35 ,11
 E36 ,3
 E37 ,3
 E38 ,18
 E40 ,2
 E41 ,4
 E44 ,1
 E45 ,10
 E51 ,3
 E52 ,4
 E54 ,2
 E55 ,3
 E56 ,1
 E57 ,2
 E58 ,1
 E60 ,9
 E61 ,1
 E63 ,15
 E67 ,1
 E68 ,4
 E69 ,14
 E70 ,1
 E71 ,1
 E72 ,1
 E75 ,2
 E76 ,3
 E77 ,14
 E78 ,1
 E79 ,6
 E80 ,21
 E81 ,1
 E85 ,2
 E91 ,5
 E92 ,2
 E93 ,1
 E94 ,1
 E95 ,10
 E97 ,1
 E98 ,19
 EAA ,2
 EAF ,1
 EAG ,1
 EAN ,3
 EAR ,4
 EAT ,21
 EAU ,14
 EBBR ,2
 EBCI ,2
 EBNM ,1
 EBS ,1
 ECG ,2
 ECP ,4
 ECS ,1
 ECU ,1
 EDC ,5
 EDDF ,1
 EDDG ,1
 EDDH ,1
 EDDK ,1
 EDDM ,1
 EDDN ,1
 EDDR ,1
 EDDV ,1
 EDE ,4
 EDF ,5
 EDFE ,1
 EDG ,1
 EDHE ,1
 EDJ ,2
 EDLW ,1
 EDMS ,1
 EDN ,12
 EDRK ,1
 EDS ,1
 EDTG ,1
 EDTR ,1
 EDU ,1
 EDW ,5
 EDWN ,1
 EED ,1
 EEK ,7
 EEN ,14
 EEO ,4
 EET ,7
 EETU ,1
 EFC ,4
 EFD ,15
 EFHK ,1
 EFK ,3
 EFKE ,1
 EFT ,4
 EFW ,1
 EG1 ,1
 EGAA ,1
 EGBB ,1
 EGBJ ,2
 EGBP ,1
 EGCB ,1
 EGCK ,1
 EGCN ,2
 EGCS ,1
 EGE ,15
 EGFH ,2
 EGGW ,1
 EGHH ,1
 EGKK ,1
 EGKR ,1
 EGLL ,4
 EGLM ,1
 EGNR ,1
 EGNX ,1
 EGP ,1
 EGQ ,1
 EGSC ,2
 EGSD ,1
 EGSN ,1
 EGSS ,1
 EGT ,6
 EGUD ,1
 EGV ,6
 EHA ,2
 EHAM ,5
 EHLE ,1
 EHO ,3
 EHR ,2
 EHSE ,1
 EIAB ,2
 EICA ,1
 EICK ,1
 EICL ,1
 EIDW ,2
 EII ,1
 EIK ,13
 EIKY ,2
 EIL ,4
 EIW ,2
 EIWT ,2
 EKA ,4
 EKCH ,3
 EKM ,10
 EKN ,2
 EKO ,33
 EKX ,7
 EKY ,14
 ELA ,6
 ELD ,5
 ELI ,2
 ELK ,5
 ELLX ,1
 ELM ,11
 ELN ,6
 ELO ,3
 ELP ,33
 ELT ,1
 ELV ,2
 ELY ,13
 ELZ ,7
 EMA ,1
 EMM ,10
 EMP ,9
 EMT ,31
 EMV ,2
 ENA ,22
 ENGM ,1
 ENHD ,1
 ENL ,9
 ENM ,2
 ENN ,8
 ENTD ,1
 ENV ,12
 ENW ,24
 EO1 ,2
 EO2 ,2
 EOB ,1
 EOK ,6
 EOP ,1
 EOS ,5
 EPG ,6
 EPH ,15
 EPWA ,3
 EQA ,3
 EQY ,15
 ERI ,8
 ERV ,18
 ERW ,1
 ERY ,2
 ESC ,4
 ESF ,5
 ESGM ,1
 ESGU ,1
 ESKN ,1
 ESN ,15
 ESND ,1
 ESNY ,1
 ESOH ,1
 ESOW ,1
 ESP ,3
 ESSL ,1
 EST ,4
 ESW ,5
 ETB ,8
 ETC ,1
 ETN ,2
 ETO ,1
 EUF ,9
 EUG ,13
 EUL ,21
 EUS ,1
 EVB ,12
 EVM ,4
 EVU ,1
 EVV ,19
 EVW ,13
 EVY ,4
 EWB ,9
 EWK ,8
 EWN ,12
 EWR ,52
 EWU ,1
 EXF ,1
 EXI ,2
 EXX ,10
 EYE ,7
 EYF ,1
 EYN ,1
 EYQ ,12
 EYW ,29
 EZF ,15
 EZI ,3
 EZM ,2
 EZS ,1
 EZZ ,4
 F&M ,1
 F-14 ,1
 F00 ,3
 F02 ,1
 F03 ,1
 F05 ,8
 F06 ,1
 F07 ,1
 F09 ,1
 F10 ,1
 F11 ,1
 F12 ,3
 F13 ,2
 F14 ,12
 F17 ,3
 F18 ,3
 F19 ,1
 F23 ,4
 F24 ,3
 F25 ,1
 F26 ,6
 F28 ,6
 F29 ,12
 F31 ,8
 F33 ,1
 F34 ,3
 F35 ,1
 F36 ,1
 F39 ,6
 F41 ,4
 F42 ,3
 F43 ,5
 F44 ,5
 F45 ,19
 F46 ,9
 F47 ,4
 F48 ,1
 F49 ,7
 F50 ,4
 F51 ,2
 F53 ,2
 F54 ,16
 F55 ,3
 F56 ,3
 F57 ,2
 F59 ,1
 F60 ,4
 F61 ,1
 F62 ,2
 F64 ,1
 F67 ,10
 F68 ,1
 F69 ,4
 F70 ,30
 F71 ,5
 F72 ,9
 F74 ,1
 F75 ,1
 F78 ,1
 F80 ,1
 F81 ,1
 F82 ,15
 F83 ,4
 F85 ,1
 F88 ,1
 F89 ,2
 F91 ,3
 F92 ,4
 F95 ,2
 F98 ,2
 F99 ,2
 FA00 ,1
 FA02 ,1
 FA07 ,4
 FA08 ,2
 FA1 ,1
 FA14 ,1
 FA37 ,1
 FA38 ,2
 FA42 ,1
 FA43 ,1
 FA44 ,1
 FA60 ,1
 FA63 ,1
 FA81 ,3
 FA83 ,2
 FACT ,1
 FAEL ,1
 FAF ,2
 FAGC ,1
 FAGG ,1
 FAGM ,2
 FAI ,50
 FAJ ,1
 FAJS ,2
 FAKT ,1
 FAM ,4
 FAPN ,1
 FAQ ,1
 FAR ,17
 FAT ,34
 FATP ,1
 FAVV ,1
 FAWB ,1
 FAX ,1
 FAY ,19
 FBG ,2
 FBL ,12
 FBR ,3
 FBY ,1
 FCA ,9
 FCH ,23
 FCI ,6
 FCM ,48
 FCY ,4
 FD01 ,1
 FD02 ,2
 FD04 ,2
 FD06 ,3
 FD07 ,1
 FD14 ,1
 FD15 ,2
 FD20 ,1
 FD27 ,1
 FD30 ,4
 FD31 ,1
 FD33 ,1
 FD38 ,8
 FD44 ,2
 FD51 ,1
 FD54 ,1
 FD70 ,3
 FD77 ,6
 FD82 ,1
 FD88 ,2
 FD90 ,2
 FD92 ,2
 FD93 ,4
 FDK ,36
 FDM ,1
 FDR ,4
 FDW ,7
 FDY ,5
 FEP ,3
 FES ,15
 FET ,3
 FFA ,8
 FFC ,18
 FFL ,2
 FFM ,6
 FFO ,4
 FFT ,8
 FFX ,1
 FFZ ,91
 FGU ,5
 FGX ,1
 FHB ,3
 FHR ,11
 FHU ,4
 FIF ,1
 FIN ,3
 FIO ,1
 FIT ,22
 FKL ,7
 FKN ,4
 FKR ,1
 FKS ,3
 FL07 ,1
 FL09 ,1
 FL10 ,1
 FL11 ,1
 FL15 ,1
 FL17 ,9
 FL19 ,2
 FL23 ,1
 FL27 ,2
 FL28 ,2
 FL37 ,5
 FL59 ,1
 FL60 ,1
 FL61 ,1
 FL66 ,1
 FL67 ,1
 FL74 ,3
 FL75 ,2
 FL84 ,1
 FL90 ,4
 FL96 ,1
 FL97 ,2
 FLC ,1
 FLD ,13
 FLF ,1
 FLG ,55
 FLL ,68
 FLO ,10
 FLP ,6
 FLR ,6
 FLU ,1
 FLV ,9
 FLX ,17
 FLY ,11
 FMC ,1
 FMCH ,1
 FME ,9
 FMH ,1
 FMM ,1
 FMN ,34
 FMR ,1
 FMY ,37
 FNB ,4
 FNHU ,1
 FNL ,40
 FNR ,1
 FNT ,10
 FO8 ,1
 FOA ,1
 FOD ,4
 FOE ,5
 FOK ,14
 FOO ,3
 FOT ,4
 FPK ,1
 FPR ,43
 FQD ,3
 FRA ,1
 FRG ,48
 FRH ,5
 FRI ,1
 FRM ,3
 FRN ,2
 FRR ,14
 FRU ,3
 FSD ,15
 FSK ,4
 FSM ,9
 FSO ,7
 FSS ,1
 FST ,1
 FTG ,50
 FTK ,1
 FTT ,7
 FTW ,38
 FTY ,28
 FUL ,68
 FVE ,2
 FVX ,7
 FWA ,20
 FWB ,1
 FWH ,1
 FWL ,1
 FWN ,11
 FWQ ,4
 FWS ,13
 FXE ,73
 FXY ,1
 FYE ,5
 FYG ,1
 FYJ ,2
 FYM ,4
 FYU ,3
 FYV ,13
 FZG ,3
 FZI ,3
 FZMA ,1
 FZNA ,1
 FZY ,8
 G01 ,1
 G05 ,2
 G06 ,4
 G07 ,4
 G08 ,3
 G44 ,1
 GA04 ,8
 GA06 ,4
 GA07 ,1
 GA1 ,1
 GA18 ,2
 GA2 ,9
 GA20 ,1
 GA23 ,2
 GA25 ,1
 GA27 ,2
 GA35 ,2
 GA39 ,3
 GA42 ,1
 GA62 ,1
 GA80 ,1
 GA81 ,2
 GA86 ,1
 GA87 ,4
 GA9 ,1
 GA94 ,1
 GAB ,1
 GAD ,9
 GAF ,3
 GAG ,2
 GAI ,34
 GAL ,1
 GAM ,2
 GAO ,4
 GAS ,4
 GB6 ,2
 GBD ,2
 GBG ,11
 GBN ,2
 GBR ,20
 GCC ,21
 GCI ,2
 GCK ,6
 GCLP ,1
 GCM ,2
 GCN ,42
 GCT ,1
 GCY ,5
 GDJ ,4
 GDL ,1
 GDM ,8
 GDV ,3
 GDW ,2
 GDY ,1
 GE11 ,1
 GE21 ,1
 GE27 ,1
 GE99 ,1
 GED ,11
 GEG ,14
 GEO ,3
 GEU ,42
 GEV ,2
 GEY ,1
 GEZ ,3
 GFD ,5
 GFK ,25
 GFL ,12
 GFR ,1
 GFZ ,2
 GGE ,8
 GGF ,1
 GGG ,9
 GGI ,4
 GGP ,3
 GGV ,3
 GGW ,2
 GHG ,4
 GHM ,4
 GHW ,3
 GIC ,2
 GIF ,38
 GIG ,1
 GIR ,1
 GJC ,2
 GJT ,32
 GKA ,1
 GKJ ,3
 GKN ,9
 GKT ,11
 GKY ,3
 GLD ,8
 GLE ,9
 GLH ,5
 GLR ,14
 GLS ,17
 GLV ,1
 GLW ,3
 GLY ,1
 GMJ ,1
 GMU ,22
 GNB ,4
 GNC8 ,1
 GNF ,1
 GNG ,4
 GNT ,10
 GNU ,2
 GNV ,33
 GO5 ,1
 GO8 ,1
 GOK ,8
 GON ,15
 GOO ,11
 GOP ,1
 GPH ,3
 GPI ,7
 GPM ,5
 GPT ,11
 GPZ ,6
 GQQ ,10
 GR3 ,1
 GRB ,17
 GRD ,8
 GRE ,5
 GRF ,2
 GRI ,11
 GRM ,4
 GRN ,3
 GRO ,2
 GRR ,12
 GRU ,1
 GRW ,1
 GSH ,8
 GSN ,6
 GSO ,16
 GSP ,13
 GST ,5
 GTE ,1
 GTF ,14
 GTG ,2
 GTR ,3
 GTU ,13
 GUC ,10
 GUM ,7
 GUO ,1
 GUP ,23
 GUY ,10
 GVA ,1
 GVE ,4
 GVL ,20
 GVQ ,5
 GVT ,11
 GVW ,6
 GWB ,2
 GWF ,1
 GWO ,11
 GWR ,1
 GWS ,11
 GWW ,6
 GWY ,1
 GXY ,46
 GYE ,1
 GYH ,2
 GYI ,2
 GYL ,2
 GYR ,21
 GYY ,9
 GZS ,2
 H-49 ,1
 H-88 ,1
 H00 ,1
 H07 ,9
 H10 ,3
 H12 ,1
 H13 ,1
 H136 ,1
 H17 ,2
 H19 ,5
 H1B ,1
 H20 ,3
 H21 ,7
 H27 ,3
 H29 ,4
 H30 ,1
 H31 ,1
 H35 ,5
 H37 ,4
 H41 ,2
 H45 ,2
 H49 ,9
 H62 ,2
 H63 ,4
 H65 ,2
 H66 ,1
 H68 ,8
 H71 ,5
 H73 ,4
 H75 ,2
 H76 ,1
 H79 ,7
 H80 ,1
 H81 ,1
 H84 ,1
 H88 ,2
 H90 ,1
 H96 ,3
 H97 ,1
 HA0 ,1
 HAA ,1
 HAB ,4
 HAD ,2
 HAE ,8
 HAF ,16
 HAI ,5
 HAO ,19
 HAW ,2
 HAX ,3
 HBB ,2
 HBC ,1
 HBG ,6
 HBN ,1
 HBR ,3
 HBW ,2
 HBZ ,2
 HCD ,9
 HCO ,1
 HCR ,3
 HDC ,4
 HDE ,3
 HDH ,16
 HDI ,7
 HDN ,11
 HDO ,8
 HEE ,5
 HEF ,28
 HEG ,7
 HES ,1
 HET ,1
 HEZ ,4
 HFD ,20
 HFJ ,1
 HFX ,1
 HFY ,9
 HGB ,1
 HGR ,13
 HHF ,3
 HHG ,5
 HHL ,1
 HHN ,1
 HHR ,18
 HHW ,1
 HI0 ,2
 HI01 ,1
 HI29 ,1
 HI36 ,1
 HI49 ,3
 HI58 ,2
 HIB ,11
 HIE ,6
 HIF ,1
 HIG ,2
 HII ,15
 HIO ,41
 HJH ,4
 HJO ,4
 HJR ,1
 HKA ,1
 HKG ,2
 HKO ,1
 HKS ,11
 HKT ,1
 HKY ,16
 HLB ,4
 HLC ,1
 HLG ,9
 HLM ,17
 HLN ,24
 HLX ,7
 HMK ,1
 HMN ,2
 HMP ,1
 HMR ,1
 HMT ,34
 HMU ,1
 HMZ ,3
 HNB ,4
 HND ,20
 HNH ,3
 HNL ,39
 HNM ,2
 HNR ,4
 HNS ,7
 HNZ ,5
 HOB ,8
 HOC ,6
 HOE ,2
 HOM ,18
 HOO ,2
 HOT ,17
 HOU ,38
 HPB ,3
 HPN ,38
 HPT ,3
 HPV ,2
 HPX ,1
 HPY ,5
 HQM ,4
 HQU ,6
 HQZ ,18
 HRI ,4
 HRJ ,4
 HRL ,8
 HRO ,16
 HRR ,3
 HRU ,1
 HRX ,3
 HSA ,2
 HSB ,6
 HSD ,13
 HSE ,2
 HSI ,3
 HSL ,1
 HSP ,9
 HSR ,4
 HSSS ,1
 HST ,1
 HSV ,9
 HTH ,4
 HTL ,5
 HTO ,8
 HTS ,9
 HTW ,5
 HUA ,2
 HUB ,1
 HUF ,12
 HUL ,6
 HULL ,1
 HUM ,10
 HUS ,1
 HUT ,12
 HVC ,2
 HVE ,2
 HVN ,14
 HVR ,5
 HVS ,3
 HVV ,1
 HWD ,44
 HWO ,61
 HWV ,23
 HWY ,10
 HXD ,13
 HXF ,5
 HYA ,23
 HYI ,8
 HYR ,4
 HYS ,9
 HYW ,10
 HZD ,2
 HZE ,2
 HZL ,7
 HZR ,4
 HZY ,2
 Hot ,1
 I-15 ,1
 I-32 ,1
 I-54 ,1
 I-66 ,1
 I-77 ,1
 I00 ,1
 I01 ,1
 I07 ,3
 I0B ,1
 I11 ,8
 I12 ,2
 I14 ,8
 I15 ,5
 I16 ,1
 I17 ,6
 I18 ,7
 I19 ,11
 I20 ,1
 I21 ,5
 I23 ,3
 I25 ,2
 I27 ,2
 I28 ,2
 I2O ,1
 I30 ,1
 I32 ,1
 I33 ,1
 I34 ,7
 I35 ,2
 I37 ,1
 I39 ,5
 I41 ,3
 I42 ,3
 I43 ,2
 I48 ,1
 I50 ,1
 I52 ,7
 I54 ,1
 I57 ,2
 I58 ,2
 I60 ,1
 I61 ,2
 I62 ,12
 I64 ,2
 I66 ,4
 I67 ,6
 I68 ,6
 I69 ,17
 I71 ,1
 I72 ,5
 I73 ,14
 I74 ,5
 I75 ,1
 I76 ,1
 I77 ,7
 I78 ,2
 I80 ,1
 I83 ,4
 I86 ,1
 I88 ,1
 I89 ,4
 I8V ,1
 I91 ,2
 I92 ,1
 I94 ,1
 I95 ,2
 I98 ,2
 I99 ,4
 I99D ,1
 IA1 ,1
 IA23 ,1
 IA24 ,9
 IA27 ,2
 IA41 ,2
 IA66 ,1
 IA80 ,1
 IA96 ,1
 IAB ,1
 IAD ,39
 IAG ,3
 IAH ,33
 IAN ,2
 IAP ,1
 IBM ,5
 IC04 ,1
 IC2 ,1
 IC5 ,1
 IC8 ,2
 ICI ,1
 ICL ,2
 ICL1 ,1
 ICN ,4
 ICO4 ,1
 ICR ,1
 ICT ,20
 ID00 ,2
 ID05 ,1
 ID09 ,1
 ID19 ,2
 ID2 ,3
 ID23 ,1
 ID25 ,1
 ID36 ,1
 ID40 ,6
 ID41 ,2
 ID62 ,1
 ID74 ,6
 ID76 ,4
 ID82 ,1
 ID85 ,3
 ID86 ,2
 IDA ,26
 IDI ,4
 IDL ,4
 IDO ,1
 IDP ,1
 IEN ,1
 IER ,1
 IF9 ,2
 IFA ,4
 IFO ,3
 IFP ,11
 IG1 ,1
 IG3 ,1
 IG5 ,1
 IG6 ,2
 IGA2 ,1
 IGI ,1
 IGM ,13
 IGQ ,16
 IGS ,1
 IGX ,6
 IH6 ,1
 II04 ,1
 II08 ,1
 II09 ,1
 II25 ,1
 II38 ,1
 II95 ,1
 II97 ,1
 IIB ,2
 IIY ,1
 IJD ,10
 IJX ,5
 IKB ,3
 IKG ,1
 IKK ,22
 IKV ,10
 IKW ,1
 IL ,1
 IL11 ,1
 IL41 ,1
 IL50 ,1
 IL52 ,1
 IL53 ,1
 IL59 ,1
 IL8 ,1
 IL80 ,1
 IL84 ,2
 IL9 ,1
 IL93 ,5
 ILE ,9
 ILG ,20
 ILI ,6
 ILL ,3
 ILL2 ,1
 ILM ,12
 ILN ,2
 IM5 ,2
 IM7 ,1
 IML ,1
 IMM ,20
 IMS ,9
 IMT ,3
 IN ,1
 IN0 ,1
 IN05 ,1
 IN08 ,1
 IN30 ,1
 IN31 ,1
 IN32 ,1
 IN33 ,1
 IN38 ,1
 IN43 ,1
 IN46 ,3
 IN57 ,1
 IN61 ,1
 IN65 ,1
 IN69 ,1
 IN7 ,1
 IN73 ,6
 IN81 ,1
 IN83 ,1
 IN88 ,1
 IN89 ,1
 IND ,28
 IND3 ,2
 INDI ,1
 INF ,2
 INI ,3
 INJ ,1
 INK ,1
 INL ,1
 INS ,1
 INT ,23
 INW ,15
 INZ ,1
 IO5 ,1
 IOA ,1
 IOB ,7
 ION ,1
 IOW ,8
 IPG ,1
 IPJ ,4
 IPL ,11
 IPT ,12
 IPY ,1
 IR5 ,1
 IRK ,10
 IRS ,7
 IS0 ,1
 IS37 ,1
 IS64 ,1
 IS65 ,3
 ISB ,3
 ISL ,1
 ISM ,47
 ISN ,6
 ISO ,8
 ISP ,28
 ISQ ,3
 ISS ,1
 IST ,2
 ISW ,7
 ISZ ,12
 IT5 ,1
 ITH ,8
 ITO ,13
 ITR ,1
 IUA ,1
 IUO ,1
 IV4 ,1
 IV5 ,12
 IV6 ,1
 IV8 ,1
 IVO ,1
 IW6 ,1
 IWA ,20
 IWD ,8
 IWH ,3
 IWI ,4
 IWK ,1
 IWS ,26
 IXA ,2
 IXD ,14
 IYA ,1
 IYK ,7
 IYS ,11
 IZA ,16
 IZG ,5
 IlI ,1
 J18 ,1
 J1G ,1
 J2I ,1
 JAC ,25
 JAN ,11
 JAQ ,5
 JAS ,6
 JAX ,31
 JBR ,6
 JCT ,3
 JED ,2
 JEF ,9
 JEP ,1
 JER ,5
 JES ,8
 JFK ,68
 JFX ,7
 JGG ,9
 JHM ,2
 JHW ,9
 JIG ,1
 JJC ,1
 JKA ,9
 JKJ ,7
 JKL ,2
 JL ,1
 JLA ,2
 JLN ,12
 JMR ,1
 JMS ,3
 JNB ,1
 JNU ,21
 JNX ,7
 JOT ,16
 JQD ,1
 JQF ,6
 JRA ,6
 JRB ,3
 JRF ,9
 JSJ ,1
 JSO ,6
 JST ,13
 JST1 ,1
 JSV ,1
 JSY ,1
 JVL ,12
 JVM ,1
 JVW ,1
 JVY ,24
 JWE ,1
 JWN ,15
 JWY ,5
 JXI ,3
 JXN ,16
 JY00 ,1
 JY04 ,1
 JY17 ,2
 JY24 ,1
 JYL ,1
 JYM ,4
 JYO ,23
 JYO4 ,2
 JYR ,1
 JZ1 ,1
 JZI ,13
 JZP ,7
 K00 ,1
 K01 ,1
 K02 ,1
 K04 ,5
 K07 ,8
 K08 ,2
 K09 ,3
 K0A7 ,1
 K0A9 ,1
 K0L7 ,2
 K0M6 ,1
 K0Q9 ,1
 K11 ,3
 K12J ,1
 K13 ,1
 K15 ,12
 K16 ,3
 K17 ,1
 K18 ,1
 K19 ,1
 K1K2 ,1
 K1L3 ,1
 K1L8 ,1
 K1L9 ,1
 K1T8 ,1
 K1U7 ,1
 K20 ,6
 K20N ,1
 K20V ,2
 K21 ,1
 K22 ,2
 K23 ,5
 K24 ,6
 K25 ,1
 K26 ,1
 K27 ,3
 K2F6 ,1
 K2IS ,1
 K2J0 ,1
 K2K3 ,1
 K2O6 ,1
 K2VA ,1
 K2W3 ,1
 K2W6 ,1
 K30 ,2
 K32 ,1
 K33 ,3
 K34 ,17
 K35 ,2
 K36 ,1
 K37 ,1
 K39 ,4
 K3CM ,1
 K3EV ,1
 K3I7 ,2
 K3MO ,1
 K3R2 ,1
 K42 ,1
 K43 ,1
 K45 ,1
 K46 ,3
 K47 ,1
 K48 ,2
 K49 ,2
 K49B ,1
 K4G3 ,1
 K4S9 ,1
 K50 ,9
 K50F ,1
 K50G ,1
 K52 ,1
 K55 ,1
 K56D ,1
 K56S ,1
 K57 ,2
 K57D ,1
 K58 ,1
 K59 ,9
 K5A1 ,1
 K61 ,3
 K61B ,1
 K62 ,2
 K64 ,3
 K65 ,2
 K66S ,1
 K67L ,1
 K68 ,2
 K69S ,1
 K6A3 ,1
 K6J ,1
 K6K ,1
 K71 ,1
 K73 ,1
 K74 ,1
 K74S ,1
 K78 ,3
 K7B2 ,1
 K7S1 ,1
 K80 ,2
 K81 ,1
 K82 ,2
 K83 ,4
 K84 ,19
 K86 ,1
 K87 ,2
 K88 ,2
 K89 ,5
 K8A0 ,1
 K8A6 ,1
 K8D9 ,1
 K8S1 ,1
 K8U5 ,1
 K91 ,2
 K92 ,1
 K96 ,3
 K97 ,1
 K98 ,2
 K9B3 ,1
 KAAO ,2
 KAAT ,2
 KABQ ,4
 KABR ,1
 KACT ,2
 KACV ,1
 KADG ,3
 KADW ,1
 KAEG ,4
 KAEX ,1
 KAFF ,1
 KAFW ,3
 KAGC ,1
 KAGS ,4
 KAHN ,1
 KAIA ,1
 KAIB ,1
 KAID ,1
 KAIO ,1
 KAIY ,2
 KAIZ ,1
 KAJO ,5
 KAJR ,1
 KAJZ ,1
 KAKO ,1
 KALB ,1
 KALM ,1
 KALS ,1
 KALX ,1
 KAMA ,1
 KAMG ,1
 KAMT ,2
 KAMW ,1
 KAND ,1
 KANE ,2
 KANW ,1
 KAPA ,6
 KAPC ,3
 KAPF ,3
 KAPT ,1
 KAQO ,1
 KARA ,1
 KARB ,2
 KARG ,1
 KARR ,1
 KASG ,1
 KASH ,1
 KASL ,1
 KAST ,1
 KATA ,1
 KATL ,9
 KATS ,1
 KATW ,1
 KATY ,1
 KAUO ,1
 KAUS ,1
 KAVK ,1
 KAVL ,2
 KAVQ ,3
 KAVX ,2
 KAWM ,1
 KAWO ,6
 KAXA ,1
 KAXH ,5
 KAXN ,1
 KAXV ,1
 KAXX ,4
 KAYS ,1
 KBAZ ,6
 KBCT ,2
 KBDG ,1
 KBDN ,7
 KBDR ,1
 KBDU ,7
 KBFE ,1
 KBFI ,3
 KBFL ,1
 KBFM ,1
 KBFR ,1
 KBGD ,1
 KBGT ,1
 KBHC ,1
 KBHM ,2
 KBIH ,2
 KBIL ,1
 KBIS ,2
 KBJC ,5
 KBKL ,2
 KBKV ,2
 KBKX ,1
 KBLI ,3
 KBLU ,2
 KBMC ,1
 KBMG ,2
 KBMQ ,2
 KBNA ,6
 KBNG ,1
 KBOI ,7
 KBOS ,1
 KBPG ,2
 KBTA ,1
 KBTF ,4
 KBTL ,2
 KBTM ,1
 KBTR ,2
 KBUM ,1
 KBUR ,3
 KBUU ,2
 KBUY ,1
 KBVO ,2
 KBVS ,3
 KBWI ,3
 KBWW ,1
 KBXK ,3
 KBYG ,1
 KBYI ,1
 KBZN ,6
 KC83 ,1
 KCAE ,5
 KCAK ,1
 KCBF ,2
 KCBG ,1
 KCCB ,1
 KCCO ,2
 KCDC ,2
 KCDK ,2
 KCDR ,1
 KCEV ,2
 KCEW ,1
 KCGC ,1
 KCGE ,2
 KCGF ,1
 KCGZ ,5
 KCHA ,1
 KCHD ,6
 KCHN ,1
 KCHS ,2
 KCHU ,1
 KCIC ,1
 KCID ,1
 KCK ,3
 KCLE ,1
 KCLM ,1
 KCLR ,1
 KCLS ,2
 KCLT ,3
 KCLW ,2
 KCMA ,5
 KCMH ,1
 KCNO ,5
 KCNY ,3
 KCOE ,2
 KCOI ,3
 KCOS ,6
 KCOT ,1
 KCPK ,2
 KCPM ,1
 KCPR ,3
 KCPT ,1
 KCPU ,1
 KCQX ,1
 KCRE ,3
 KCRG ,3
 KCRP ,1
 KCRQ ,5
 KCRS ,1
 KCUB ,1
 KCUT ,1
 KCVG ,2
 KCVO ,2
 KCWC ,1
 KCWS ,1
 KCXL ,1
 KCXO ,1
 KCXP ,1
 KCXW ,1
 KCYS ,4
 KCZL ,1
 KCZT ,1
 KDAB ,10
 KDAG ,3
 KDAY ,3
 KDCA ,2
 KDED ,3
 KDEN ,9
 KDEQ ,1
 KDEW ,1
 KDFW ,1
 KDIJ ,2
 KDK ,1
 KDKB ,1
 KDKK ,1
 KDLH ,1
 KDLN ,1
 KDLS ,3
 KDLZ ,1
 KDMO ,1
 KDMW ,1
 KDNV ,1
 KDPA ,1
 KDRI ,1
 KDRO ,1
 KDRT ,1
 KDTA ,1
 KDTN ,1
 KDTO ,3
 KDTS ,4
 KDUX ,1
 KDVO ,2
 KDVT ,9
 KDWA ,1
 KDWH ,3
 KDYB ,1
 KDYT ,1
 KDZB ,1
 KE36 ,1
 KE38 ,1
 KE45 ,1
 KE98 ,1
 KEAN ,1
 KEAT ,1
 KEB ,9
 KECS ,1
 KEDE ,1
 KEDJ ,1
 KEET ,2
 KEF ,1
 KEFD ,2
 KEGE ,2
 KEGT ,1
 KEIK ,10
 KEK ,2
 KEKO ,1
 KEKS ,1
 KEKY ,1
 KELA ,1
 KELD ,2
 KELM ,1
 KELN ,2
 KELP ,5
 KELY ,2
 KEMT ,2
 KEMV ,1
 KENA ,1
 KENV ,3
 KENW ,1
 KEOK ,1
 KEPH ,1
 KEQA ,2
 KERI ,1
 KERV ,1
 KERY ,1
 KETB ,1
 KEUL ,3
 KEVB ,3
 KEVM ,1
 KEVY ,1
 KEWK ,1
 KEWN ,1
 KEWR ,2
 KEYE ,1
 KEYQ ,3
 KEYW ,5
 KF22 ,1
 KF3D ,1
 KF70 ,1
 KF89 ,2
 KFAR ,2
 KFAT ,1
 KFBL ,1
 KFCH ,1
 KFCM ,2
 KFCS ,1
 KFCY ,1
 KFDK ,3
 KFEP ,1
 KFES ,1
 KFET ,1
 KFFA ,2
 KFFC ,3
 KFFL ,1
 KFFO ,1
 KFFT ,1
 KFFX ,2
 KFFZ ,4
 KFHU ,2
 KFIT ,1
 KFLL ,7
 KFLO ,1
 KFLY ,5
 KFME ,2
 KFMM ,2
 KFMY ,1
 KFMZ ,2
 KFNL ,7
 KFPR ,4
 KFRG ,3
 KFRR ,1
 KFSK ,1
 KFSO ,1
 KFST ,1
 KFTG ,3
 KFTW ,1
 KFTY ,1
 KFUL ,1
 KFWA ,1
 KFWH ,1
 KFWS ,1
 KFXE ,6
 KGAD ,1
 KGCK ,1
 KGCM ,1
 KGCN ,1
 KGDJ ,1
 KGEG ,2
 KGEO ,1
 KGEU ,6
 KGFK ,10
 KGGI ,1
 KGGW ,1
 KGIC ,1
 KGIF ,1
 KGK ,2
 KGKT ,1
 KGKY ,2
 KGLE ,1
 KGLS ,2
 KGMU ,2
 KGNV ,3
 KGOO ,3
 KGPM ,2
 KGPT ,2
 KGPZ ,1
 KGQQ ,1
 KGRD ,1
 KGRI ,1
 KGRR ,1
 KGSH ,2
 KGSO ,1
 KGTF ,2
 KGTU ,2
 KGUM ,1
 KGUP ,1
 KGUY ,1
 KGVE ,1
 KGVL ,1
 KGVQ ,1
 KGWS ,1
 KGX ,3
 KGXY ,2
 KGYR ,3
 KGYY ,1
 KHAF ,2
 KHAI ,1
 KHAO ,1
 KHBR ,1
 KHDC ,1
 KHDH ,1
 KHDO ,1
 KHEF ,1
 KHEG ,3
 KHFD ,2
 KHHR ,1
 KHI ,1
 KHIB ,1
 KHII ,1
 KHIO ,1
 KHKA ,1
 KHKY ,2
 KHLN ,3
 KHMT ,1
 KHNB ,1
 KHND ,8
 KHNL ,1
 KHOE ,1
 KHOT ,1
 KHOU ,2
 KHPN ,1
 KHQU ,2
 KHQZ ,1
 KHRI ,1
 KHRT ,1
 KHRU ,1
 KHRX ,1
 KHSA ,3
 KHST ,1
 KHSV ,2
 KHUA ,2
 KHUM ,3
 KHUT ,1
 KHWD ,1
 KHWO ,1
 KHWV ,1
 KHXD ,1
 KHYI ,2
 KHYS ,1
 KHYX ,1
 KHZL ,1
 KI62 ,1
 KI74 ,1
 KIAD ,2
 KIAH ,1
 KIC ,6
 KIDA ,3
 KIFP ,2
 KIGM ,2
 KIIB ,1
 KIJD ,1
 KIKK ,2
 KIKV ,1
 KILE ,1
 KILM ,4
 KIMM ,1
 KIND ,1
 KINJ ,1
 KINT ,1
 KINW ,1
 KIOW ,1
 KIPJ ,1
 KISM ,4
 KISP ,1
 KIWA ,2
 KIWS ,1
 KIYK ,3
 KIZA ,1
 KJDD ,1
 KJER ,2
 KJFK ,8
 KJFX ,2
 KJKA ,1
 KJNX ,1
 KJQF ,1
 KJRA ,1
 KJSY ,1
 KJVY ,2
 KJWY ,3
 KJZI ,2
 KKA ,2
 KKH ,1
 KKIC ,1
 KKLS ,1
 KKU ,3
 KL05 ,1
 KL18 ,1
 KL35 ,1
 KL67 ,1
 KL70 ,1
 KLAA ,1
 KLAL ,9
 KLAM ,1
 KLAS ,7
 KLAX ,7
 KLBB ,2
 KLBF ,1
 KLBT ,1
 KLBX ,1
 KLCG ,1
 KLCH ,1
 KLCI ,1
 KLCK ,1
 KLEE ,2
 KLEW ,1
 KLEX ,1
 KLFK ,1
 KLFT ,1
 KLG ,5
 KLGA ,4
 KLGB ,2
 KLGC ,1
 KLGU ,1
 KLHM ,4
 KLHZ ,1
 KLIU ,1
 KLKV ,2
 KLL ,1
 KLLN ,2
 KLMO ,2
 KLMS ,2
 KLMT ,2
 KLNA ,2
 KLNC ,2
 KLOT ,1
 KLPR ,1
 KLRD ,1
 KLRU ,1
 KLS ,11
 KLSN ,1
 KLUD ,2
 KLUK ,1
 KLVJ ,2
 KLVK ,6
 KLVN ,2
 KLWL ,2
 KLWS ,2
 KLWT ,1
 KLXT ,2
 KLZU ,2
 KM30 ,1
 KM93 ,1
 KMAC ,1
 KMAE ,4
 KMAF ,1
 KMAN ,1
 KMBO ,1
 KMBT ,4
 KMCD ,1
 KMCE ,1
 KMCI ,1
 KMCO ,3
 KMCX ,1
 KMDD ,1
 KMDQ ,1
 KMDW ,2
 KMEM ,6
 KMER ,2
 KMEV ,2
 KMEZ ,2
 KMFE ,3
 KMFR ,1
 KMGM ,2
 KMHK ,1
 KMHN ,1
 KMHV ,1
 KMIA ,4
 KMIO ,1
 KMIT ,2
 KMIV ,1
 KMKC ,1
 KMKE ,1
 KMKG ,1
 KMKL ,2
 KMKY ,1
 KMLB ,5
 KMLC ,2
 KMLE ,1
 KMLU ,4
 KMMH ,4
 KMMV ,2
 KMOB ,1
 KMOD ,1
 KMQJ ,1
 KMQW ,1
 KMQY ,1
 KMRF ,1
 KMRH ,1
 KMRN ,1
 KMRY ,2
 KMSL ,1
 KMSO ,3
 KMSP ,4
 KMTH ,1
 KMTJ ,3
 KMTN ,1
 KMVC ,1
 KMVI ,1
 KMWA ,1
 KMWH ,1
 KMWL ,1
 KMWM ,1
 KMYF ,7
 KMYL ,6
 KMYV ,2
 KMZH ,1
 KN06 ,1
 KN55 ,1
 KNB ,7
 KNEL ,1
 KNEW ,2
 KNFG ,1
 KNKX ,1
 KNLY ,1
 KNQA ,1
 KNRB ,1
 KNTD ,2
 KNUW ,1
 KNW ,4
 KNYL ,1
 KO26 ,1
 KO27 ,1
 KO37 ,1
 KO54 ,1
 KO57 ,1
 KO61 ,1
 KO69 ,2
 KOA ,13
 KOAK ,2
 KOBE ,4
 KOCF ,2
 KOCH ,1
 KOEB ,1
 KOEO ,1
 KOFK ,1
 KOFP ,2
 KOGD ,4
 KOGG ,2
 KOJC ,3
 KOKK ,1
 KOKV ,1
 KOLD ,2
 KOLM ,5
 KOLS ,1
 KOLV ,2
 KOMN ,5
 KONM ,1
 KONP ,1
 KONT ,1
 KONY ,1
 KOPF ,6
 KOPL ,1
 KOPN ,2
 KORD ,9
 KORK ,3
 KORL ,5
 KOS9 ,1
 KOSC ,1
 KOSH ,8
 KOT ,2
 KOTH ,1
 KOVL ,1
 KOWD ,1
 KOWK ,1
 KOZ ,1
 KOZW ,1
 KP$* ,1
 KP19 ,1
 KP20 ,2
 KP48 ,3
 KPAE ,1
 KPAM ,2
 KPAN ,2
 KPAO ,5
 KPBG ,1
 KPBI ,3
 KPC ,1
 KPCM ,1
 KPCW ,2
 KPDK ,4
 KPDX ,3
 KPEQ ,1
 KPFN ,4
 KPGA ,5
 KPGD ,5
 KPGV ,1
 KPHD ,1
 KPHK ,2
 KPHL ,4
 KPHN ,1
 KPHT ,1
 KPHX ,5
 KPIE ,2
 KPIH ,2
 KPIL ,1
 KPIR ,1
 KPLK ,2
 KPLU ,1
 KPMP ,4
 KPMV ,1
 KPNA ,1
 KPOC ,6
 KPQI ,2
 KPRB ,2
 KPRC ,6
 KPRN ,1
 KPSP ,1
 KPTK ,2
 KPTN ,1
 KPTS ,1
 KPTV ,3
 KPUB ,3
 KPUC ,3
 KPUW ,2
 KPVD ,1
 KPVF ,4
 KPVG ,1
 KPVU ,4
 KPWK ,2
 KPWT ,3
 KPXE ,2
 KPYG ,1
 KQ3 ,1
 KQ99 ,1
 KRAL ,2
 KRBD ,1
 KRBL ,1
 KRBO ,1
 KRCA ,1
 KRCK ,1
 KRDD ,1
 KRDM ,2
 KRDU ,2
 KRFI ,1
 KRHP ,1
 KRHV ,5
 KRID ,1
 KRIF ,1
 KRIL ,1
 KRIU ,2
 KRIV ,1
 KRKP ,1
 KRKR ,1
 KRKS ,2
 KRLD ,1
 KRMG ,2
 KRMN ,1
 KRNO ,2
 KRNT ,3
 KROG ,1
 KROS ,2
 KROW ,1
 KRPD ,1
 KRPH ,2
 KRPX ,1
 KRQO ,1
 KRSW ,1
 KRTS ,1
 KRUE ,1
 KRUQ ,2
 KRUT ,1
 KRVS ,3
 KRWI ,1
 KRWL ,2
 KRXE ,2
 KRYV ,2
 KRYW ,2
 KRYY ,1
 KS20 ,1
 KS27 ,3
 KS30 ,2
 KS36 ,3
 KS45 ,1
 KS67 ,1
 KS76 ,2
 KS8 ,1
 KS87 ,1
 KSA ,1
 KSAC ,1
 KSAD ,1
 KSAF ,3
 KSAN ,3
 KSAT ,2
 KSAV ,3
 KSAW ,1
 KSAZ ,1
 KSBA ,3
 KSBD ,1
 KSBM ,1
 KSBP ,4
 KSBS ,4
 KSCD ,1
 KSCK ,2
 KSDC ,1
 KSDL ,6
 KSDM ,2
 KSEA ,5
 KSEB ,1
 KSEE ,10
 KSEF ,1
 KSEP ,1
 KSER ,1
 KSEX ,1
 KSEZ ,6
 KSFB ,5
 KSFF ,1
 KSFM ,1
 KSFO ,7
 KSGJ ,6
 KSGR ,3
 KSGU ,2
 KSHN ,1
 KSHR ,2
 KSHV ,2
 KSIY ,1
 KSJC ,1
 KSJN ,4
 KSJT ,1
 KSKF ,3
 KSKX ,1
 KSKY ,1
 KSLC ,8
 KSLE ,2
 KSLI ,1
 KSLN ,3
 KSM ,5
 KSMN ,2
 KSMO ,1
 KSMQ ,1
 KSMX ,1
 KSNA ,2
 KSNH ,1
 KSNS ,2
 KSNY ,2
 KSOP ,1
 KSPA ,1
 KSPB ,1
 KSPF ,1
 KSPG ,3
 KSPI ,2
 KSQL ,2
 KSRQ ,5
 KSSA ,1
 KSSF ,2
 KSSI ,1
 KSSQ ,1
 KSTC ,1
 KSTF ,1
 KSTL ,4
 KSTS ,4
 KSTT ,1
 KSUA ,3
 KSUN ,4
 KSUS ,1
 KSUZ ,3
 KSVE ,1
 KSVH ,1
 KSWI ,2
 KSWO ,1
 KSWW ,1
 KSXU ,2
 KSYI ,2
 KSYN ,1
 KSZP ,1
 KT48 ,1
 KT91 ,1
 KTCL ,1
 KTCY ,3
 KTDD ,2
 KTDO ,1
 KTEB ,6
 KTEL ,1
 KTEX ,4
 KTHA ,2
 KTIK ,1
 KTIP ,1
 KTIW ,3
 KTIX ,6
 KTKI ,9
 KTLR ,1
 KTMB ,7
 KTMK ,2
 KTN ,9
 KTNT ,1
 KTOA ,4
 KTOC ,1
 KTPA ,4
 KTPH ,1
 KTRK ,5
 KTRM ,3
 KTS ,3
 KTSO ,1
 KTSP ,4
 KTTA ,3
 KTTD ,3
 KTUL ,2
 KTUP ,2
 KTUS ,3
 KTVC ,2
 KTVL ,2
 KTVR ,1
 KTVY ,2
 KTWF ,1
 KTWT ,1
 KTYQ ,1
 KTYR ,1
 KU02 ,1
 KU07 ,2
 KU42 ,1
 KU60 ,1
 KU70 ,1
 KUAO ,3
 KUCP ,1
 KUDD ,1
 KUES ,1
 KUK ,1
 KUNI ,1
 KUOS ,1
 KUOX ,1
 KUUV ,1
 KUVA ,4
 KVC ,1
 KVCB ,1
 KVCT ,1
 KVER ,1
 KVG ,1
 KVGT ,14
 KVHN ,1
 KVIH ,1
 KVIS ,1
 KVKS ,1
 KVL ,6
 KVLL ,1
 KVNC ,4
 KVNY ,4
 KVPZ ,1
 KVQQ ,1
 KVRB ,3
 KVTA ,2
 KVTN ,2
 KVUO ,2
 KVYS ,1
 KW04 ,1
 KW16 ,1
 KW88 ,1
 KWAY ,1
 KWDG ,1
 KWDR ,1
 KWEA ,1
 KWJF ,3
 KWN ,3
 KWP ,1
 KWRL ,1
 KWT ,2
 KWVI ,3
 KWWR ,1
 KWYS ,1
 KX25 ,1
 KX40 ,1
 KX59 ,1
 KXA ,1
 KXBP ,2
 KY05 ,1
 KY07 ,1
 KY28 ,1
 KY29 ,6
 KY53 ,1
 KY54 ,2
 KY62 ,2
 KY70 ,3
 KY80 ,1
 KYG2 ,1
 KYIP ,1
 KYK ,1
 KYKM ,1
 L-12 ,2
 L-16 ,1
 L-1A ,1
 L-35 ,1
 L-39 ,2
 L-3A ,1
 L-45 ,1
 L-61 ,1
 L00 ,12
 L01 ,5
 L02 ,3
 L05 ,17
 L06 ,12
 L07 ,3
 L08 ,11
 L09 ,1
 L100 ,1
 L12 ,23
 L15 ,18
 L16 ,15
 L17 ,8
 L18 ,23
 L19 ,3
 L20 ,2
 L22 ,9
 L25 ,2
 L26 ,36
 L2G ,2
 L31 ,5
 L32 ,8
 L33 ,1
 L35 ,66
 L36 ,2
 L37 ,3
 L38 ,2
 L39 ,30
 L41 ,8
 L45 ,21
 L47 ,1
 L49 ,6
 L52 ,8
 L53 ,1
 L54 ,4
 L60 ,1
 L61 ,3
 L62 ,1
 L64 ,1
 L65 ,13
 L66 ,35
 L67 ,32
 L68 ,1
 L69 ,2
 L70 ,8
 L71 ,20
 L72 ,2
 L73 ,2
 L75 ,1
 L76 ,1
 L77 ,4
 L78 ,7
 L80 ,8
 L83 ,1
 L84 ,4
 L85 ,2
 L86 ,4
 L88 ,1
 L90 ,4
 L91 ,2
 L94 ,10
 L9O ,1
 LA03 ,2
 LA05 ,1
 LA08 ,2
 LA15 ,1
 LA19 ,2
 LA21 ,1
 LA24 ,4
 LA25 ,1
 LA26 ,1
 LA30 ,5
 LA32 ,1
 LA34 ,1
 LA37 ,1
 LA40 ,2
 LA41 ,1
 LA46 ,1
 LA53 ,1
 LA54 ,2
 LA63 ,2
 LA67 ,1
 LA71 ,4
 LA75 ,1
 LA81 ,2
 LA82 ,1
 LA87 ,2
 LAA ,8
 LAF ,24
 LAL ,75
 LAM ,9
 LAN ,21
 LAR ,18
 LAS ,53
 LAW ,5
 LAX ,77
 LBB ,28
 LBE ,18
 LBF ,17
 LBG ,3
 LBL ,9
 LBLS ,1
 LBO ,2
 LBR ,1
 LBT ,3
 LBW ,1
 LBWB ,2
 LBX ,11
 LCA3 ,2
 LCH ,11
 LCI ,16
 LCK ,6
 LCQ ,1
 LCR ,2
 LCT ,1
 LCTF ,1
 LDH ,1
 LDJ ,28
 LDM ,6
 LDP ,1
 LEAS ,1
 LEAT ,1
 LEB ,9
 LEBL ,1
 LECD ,1
 LECU ,2
 LEE ,28
 LEJR ,1
 LEK ,1
 LELC ,1
 LEM ,1
 LEMD ,2
 LEMG ,2
 LEMT ,1
 LEMU ,2
 LEPN ,1
 LESB ,1
 LESS ,1
 LEST ,1
 LESU ,1
 LEVX ,1
 LEW ,6
 LEX ,22
 LFAT ,1
 LFBO ,1
 LFFE ,1
 LFI ,2
 LFK ,9
 LFLI ,1
 LFLL ,1
 LFLY ,2
 LFLZ ,1
 LFMA ,1
 LFMN ,1
 LFMQ ,1
 LFMT ,1
 LFMV ,1
 LFN ,2
 LFNG ,1
 LFO ,1
 LFPA ,1
 LFPG ,4
 LFPN ,1
 LFPO ,2
 LFQQ ,1
 LFR ,1
 LFRB ,1
 LFSB ,2
 LFT ,13
 LFTZ ,1
 LGA ,46
 LGAV ,1
 LGB ,82
 LGC ,13
 LGD ,9
 LGF ,1
 LGG ,1
 LGH ,1
 LGK ,1
 LGKF ,1
 LGMK ,1
 LGTS ,1
 LGU ,21
 LGW ,3
 LH68 ,1
 LHB ,2
 LHBP ,1
 LHC ,4
 LHD ,42
 LHDV ,1
 LHE ,2
 LHGD ,2
 LHM ,17
 LHQ ,7
 LHR ,2
 LHSM ,1
 LHSY ,1
 LHU ,5
 LHV ,6
 LHW ,2
 LHX ,7
 LHZ ,6
 LIC ,3
 LICT ,1
 LIDG ,1
 LIEE ,1
 LIH ,8
 LILE ,1
 LIMF ,1
 LIMG ,1
 LIML ,2
 LIPE ,1
 LIPN ,1
 LIPQ ,1
 LIPR ,1
 LIPZ ,1
 LIRA ,1
 LIRF ,1
 LIRG ,1
 LIRI ,1
 LIRJ ,1
 LIT ,27
 LIU ,1
 LJF ,2
 LJN ,1
 LKHD ,1
 LKHK ,1
 LKKT ,1
 LKP ,8
 LKR ,2
 LKST ,1
 LKU ,12
 LKV ,4
 LL ,1
 LL09 ,3
 LL10 ,3
 LL22 ,3
 LL29 ,2
 LL45 ,1
 LL51 ,1
 LL53 ,10
 LL78 ,1
 LL92 ,1
 LLHZ ,1
 LLIO ,1
 LLJ ,2
 LLN ,5
 LLU ,7
 LLX ,1
 LMIW ,1
 LMO ,12
 LMS ,1
 LMT ,17
 LNA ,53
 LNC ,18
 LND ,7
 LNK ,16
 LNL ,2
 LNN ,7
 LNP ,4
 LNR ,9
 LNS ,18
 LNY ,7
 LO1 ,2
 LO5 ,2
 LO6 ,3
 LOAU ,1
 LOAV ,2
 LOKH ,1
 LOL ,5
 LOM ,5
 LOO ,2
 LOSM ,1
 LOT ,14
 LOU ,29
 LOWG ,1
 LOWI ,1
 LOWK ,1
 LOWW ,1
 LOWZ ,2
 LOZ ,12
 LPB ,2
 LPBE ,1
 LPBR ,1
 LPC ,10
 LPCS ,3
 LPEV ,2
 LPPM ,1
 LPPT ,3
 LPR ,10
 LPSO ,1
 LPT ,1
 LQBZ ,1
 LQK ,8
 LQR ,2
 LRCL ,1
 LRD ,11
 LRG ,4
 LRJ ,1
 LRO ,4
 LROP ,1
 LRQ ,1
 LRSV ,2
 LRU ,31
 LRY ,2
 LS11 ,1
 LS36 ,1
 LS39 ,1
 LS40 ,3
 LS69 ,1
 LS77 ,1
 LS83 ,1
 LS88 ,1
 LS97 ,1
 LSB ,5
 LSE ,8
 LSF ,1
 LSGL ,1
 LSN ,10
 LSPG ,1
 LSPL ,1
 LSV ,1
 LSZA ,1
 LSZB ,1
 LSZG ,1
 LSZH ,2
 LSZS ,2
 LTAI ,1
 LTBA ,2
 LTBU ,1
 LTCC ,1
 LTS ,2
 LTY ,1
 LU7 ,1
 LUA ,1
 LUD ,4
 LUF ,4
 LUG ,2
 LUK ,25
 LUL ,4
 LUM ,2
 LUP ,6
 LVJ ,15
 LVK ,46
 LVL ,2
 LVM ,1
 LVN ,12
 LVR ,2
 LVS ,12
 LWA ,5
 LWB ,4
 LWC ,11
 LWD ,1
 LWL ,3
 LWM ,29
 LWN ,2
 LWS ,12
 LWT ,7
 LWV ,5
 LXL ,8
 LXN ,1
 LXT ,12
 LXV ,18
 LXY ,4
 LYBE ,1
 LYH ,16
 LYO ,3
 LYS ,1
 LZ1 ,1
 LZRH ,1
 LZU ,26
 Lawn ,1
 M003 ,1
 M005 ,1
 M01 ,10
 M02 ,2
 M020 ,1
 M03 ,6
 M04 ,9
 M041 ,1
 M043 ,1
 M049 ,1
 M05 ,2
 M050 ,2
 M052 ,1
 M06 ,3
 M064 ,1
 M066 ,1
 M07 ,3
 M072 ,1
 M08 ,7
 M085 ,1
 M088 ,1
 M103 ,1
 M11 ,2
 M12 ,2
 M13 ,1
 M14 ,1
 M15 ,2
 M159 ,1
 M16 ,5
 M17 ,7
 M18 ,3
 M19 ,2
 M21 ,2
 M22 ,1
 M23 ,3
 M25 ,4
 M27 ,1
 M28 ,1
 M30 ,2
 M31 ,2
 M32 ,1
 M33 ,4
 M34 ,5
 M36 ,3
 M37 ,1
 M38 ,3
 M39 ,7
 M40 ,4
 M41 ,6
 M42 ,2
 M43 ,1
 M44 ,3
 M45 ,2
 M46 ,2
 M48 ,2
 M51 ,1
 M52 ,3
 M53 ,3
 M54 ,11
 M55 ,1
 M58 ,2
 M5N ,1
 M63 ,1
 M65 ,3
 M69 ,1
 M70 ,3
 M71 ,2
 M72 ,4
 M73 ,3
 M74 ,1
 M76 ,2
 M77 ,3
 M78 ,5
 M79 ,7
 M80 ,1
 M82 ,13
 M83 ,1
 M84 ,1
 M88 ,3
 M89 ,2
 M91 ,6
 M93 ,2
 M95 ,3
 M97 ,2
 M99 ,3
 MA02 ,2
 MA03 ,1
 MA04 ,1
 MA07 ,9
 MA08 ,7
 MA09 ,4
 MA10 ,2
 MA30 ,1
 MA39 ,1
 MA53 ,1
 MA6 ,1
 MA63 ,1
 MA97 ,1
 MAC ,12
 MAD9 ,1
 MAE ,16
 MAF ,28
 MAI ,3
 MAL ,4
 MAN ,11
 MAO ,4
 MAU ,1
 MAW ,3
 MAZ ,4
 MBJ ,1
 MBL ,3
 MBO ,14
 MBS ,5
 MBT ,18
 MBY ,5
 MC ,2
 MC78 ,1
 MCB ,2
 MCC ,7
 MCD ,8
 MCE ,16
 MCF ,1
 MCG ,7
 MCI ,24
 MCK ,7
 MCN ,9
 MCO ,23
 MCV ,1
 MCW ,9
 MCX ,2
 MCZ ,4
 MD01 ,1
 MD1 ,1
 MD18 ,1
 MD20 ,2
 MD24 ,4
 MD31 ,2
 MD42 ,3
 MD43 ,2
 MD45 ,1
 MD50 ,4
 MD54 ,1
 MD78 ,4
 MD89 ,1
 MDCR ,1
 MDD ,17
 MDH ,15
 MDJB ,2
 MDLR ,1
 MDO ,1
 MDQ ,3
 MDR ,1
 MDS ,3
 MDSD ,1
 MDT ,4
 MDW ,40
 ME03 ,1
 ME08 ,3
 ME22 ,1
 ME33 ,4
 ME41 ,1
 ME46 ,1
 ME55 ,1
 ME59 ,1
 ME6 ,1
 ME62 ,1
 ME64 ,1
 ME68 ,1
 ME79 ,1
 ME80 ,1
 MEB ,2
 MEI ,6
 MEJ ,1
 MEL ,3
 MEM ,40
 MER ,9
 MEV ,45
 MEX ,1
 MEZ ,4
 MFA ,1
 MFD ,12
 MFE ,20
 MFI ,6
 MFK ,1
 MFR ,21
 MFS ,1
 MFV ,2
 MFY ,1
 MGB ,1
 MGC ,9
 MGDL ,1
 MGE ,3
 MGG ,6
 MGJ ,36
 MGM ,14
 MGN ,3
 MGSJ ,1
 MGW ,10
 MGY ,19
 MHE ,7
 MHK ,14
 MHL ,4
 MHM ,2
 MHP ,3
 MHR ,9
 MHSL ,1
 MHT ,13
 MHTG ,2
 MHV ,13
 MI ,1
 MI06 ,1
 MI32 ,1
 MI44 ,1
 MI52 ,1
 MI64 ,1
 MI73 ,1
 MI8 ,1
 MI9 ,1
 MI97 ,1
 MIA ,79
 MIC ,28
 MIE ,8
 MIO ,2
 MIS ,1
 MIT ,8
 MIV ,17
 MIW ,3
 MJ1G ,1
 MJC ,1
 MJD ,2
 MJQ ,2
 MJX ,5
 MK6 ,1
 MKC ,36
 MKD ,1
 MKE ,35
 MKG ,12
 MKJ ,2
 MKJP ,2
 MKK ,4
 MKL ,11
 MKO ,6
 MKS ,5
 MKT ,12
 MKY ,11
 ML66 ,1
 MLB ,29
 MLC ,12
 MLD ,2
 MLE ,17
 MLF ,1
 MLI ,15
 MLJ ,7
 MLK ,2
 MLL ,1
 MLS ,9
 MLT ,7
 MLU ,10
 MLY ,2
 MM20 ,1
 MM4 ,1
 MMAN ,1
 MMCV ,2
 MMDO ,2
 MMF ,1
 MMGL ,2
 MMH ,28
 MMI ,6
 MMIO ,1
 MMK ,25
 MML ,7
 MMLO ,1
 MMLP ,1
 MMMY ,2
 MMSP ,1
 MMT ,1
 MMTA ,1
 MMTC ,1
 MMTJ ,1
 MMU ,23
 MMV ,11
 MMVR ,1
 MN00 ,1
 MN06 ,1
 MN12 ,1
 MN13 ,1
 MN24 ,2
 MN65 ,1
 MN66 ,1
 MN69 ,3
 MN81 ,2
 MN91 ,1
 MNB ,1
 MNE ,1
 MNF ,1
 MNI ,3
 MNM ,7
 MNN ,7
 MNV ,1
 MNZ ,2
 MO ,1
 MO00 ,2
 MO05 ,2
 MO09 ,1
 MO1 ,3
 MO10 ,6
 MO11 ,1
 MO16 ,1
 MO17 ,1
 MO2 ,1
 MO20 ,1
 MO24 ,1
 MO28 ,3
 MO3 ,2
 MO34 ,1
 MO38 ,1
 MO4 ,1
 MO41 ,1
 MO42 ,1
 MO43 ,2
 MO49 ,4
 MO50 ,3
 MO53 ,1
 MO55 ,1
 MO56 ,1
 MO6 ,1
 MO64 ,2
 MO7 ,3
 MO71 ,1
 MO8 ,4
 MO83 ,1
 MO84 ,1
 MO85 ,1
 MO9 ,1
 MO99 ,1
 MOB ,9
 MOD ,21
 MOP ,7
 MOR ,4
 MOT ,8
 MOU ,3
 MOX ,3
 MOY ,1
 MOZ ,1
 MPE ,2
 MPG ,1
 MPI ,5
 MPJ ,6
 MPMG ,1
 MPO ,7
 MPR ,3
 MPT ,1
 MPV ,6
 MQB ,1
 MQI ,14
 MQJ ,16
 MQT ,5
 MQW ,2
 MQY ,10
 MR1 ,1
 MRB ,10
 MRC ,6
 MRD ,3
 MRF ,5
 MRG ,1
 MRGF ,1
 MRH ,5
 MRI ,131
 MRIA ,1
 MRJ ,2
 MRL ,1
 MRN ,13
 MRPV ,1
 MRSV ,1
 MRT ,10
 MRV ,1
 MRY ,22
 MS0 ,1
 MS03 ,1
 MS06 ,4
 MS14 ,1
 MS17 ,1
 MS22 ,1
 MS57 ,1
 MS76 ,2
 MS82 ,3
 MS9 ,1
 MS96 ,1
 MSA ,3
 MSL ,7
 MSLP ,2
 MSN ,22
 MSO ,25
 MSP ,33
 MSS ,5
 MSSS ,1
 MSV ,9
 MSY ,9
 MT02 ,3
 MT18 ,3
 MT28 ,1
 MT29 ,1
 MT30 ,1
 MT41 ,1
 MT53 ,3
 MT65 ,1
 MT88 ,1
 MT95 ,1
 MTB ,2
 MTC ,5
 MTCH ,1
 MTF ,9
 MTH ,25
 MTJ ,11
 MTK ,1
 MTM ,3
 MTN ,18
 MTO ,11
 MTP ,15
 MTPP ,1
 MTV ,6
 MTW ,7
 MU02 ,1
 MU11 ,1
 MU20 ,1
 MU27 ,3
 MU33 ,1
 MU89 ,1
 MUE ,5
 MUGM ,1
 MUHA ,1
 MUL ,3
 MUNI ,1
 MUO ,2
 MUT ,3
 MUU ,1
 MUV ,1
 MV1 ,1
 MVC ,8
 MVD ,1
 MVE ,2
 MVI ,7
 MVL ,11
 MVM ,2
 MVN ,9
 MVY ,15
 MWA ,5
 MWC ,15
 MWCQ ,1
 MWH ,3
 MWK ,12
 MWL ,16
 MWM ,1
 MWO ,11
 MXA ,2
 MXF ,3
 MXO ,3
 MXY ,1
 MY42 ,1
 MY59 ,1
 MY72 ,1
 MY77 ,1
 MY90 ,1
 MY99 ,1
 MYAF ,1
 MYAM ,1
 MYAN ,1
 MYAT ,2
 MYBC ,1
 MYBS ,4
 MYCC ,1
 MYEH ,1
 MYEM ,1
 MYER ,1
 MYF ,67
 MYGF ,3
 MYL ,17
 MYNN ,8
 MYR ,5
 MYU ,4
 MYV ,9
 MYZ ,1
 MZJ ,3
 MZZ ,11
 N-2Y ,1
 N-87 ,1
 N-88 ,1
 N/84 ,1
 N/A ,102
 N/S ,1
 N00 ,4
 N01 ,1
 N03 ,3
 N04 ,7
 N05 ,6
 N07 ,34
 N08 ,1
 N1 ,1
 N10 ,7
 N12 ,15
 N13 ,4
 N14 ,21
 N16 ,3
 N17 ,12
 N19 ,3
 N21 ,1
 N22 ,3
 N23 ,6
 N24 ,11
 N25 ,3
 N27 ,8
 N30 ,19
 N31 ,18
 N32 ,1
 N34 ,7
 N35 ,1
 N37 ,3
 N38 ,5
 N40 ,25
 N41 ,8
 N43 ,11
 N44 ,8
 N45 ,3
 N46 ,2
 N46N ,1
 N47 ,9
 N51 ,10
 N52 ,7
 N53 ,6
 N54 ,2
 N56 ,2
 N57 ,12
 N57Q ,1
 N58 ,5
 N59 ,1
 N61 ,7
 N62 ,2
 N63 ,5
 N65 ,2
 N66 ,10
 N67 ,4
 N68 ,2
 N69 ,6
 N70 ,9
 N71 ,7
 N72 ,9
 N73 ,6
 N74 ,2
 N75 ,2
 N76 ,2
 N77 ,1
 N79 ,3
 N7Z ,1
 N80 ,5
 N81 ,17
 N82 ,13
 N83 ,3
 N85 ,7
 N86 ,1
 N87 ,10
 N88 ,12
 N89 ,2
 N92 ,2
 N93 ,2
 N94 ,2
 N96 ,2
 N97 ,4
 N98 ,5
 N99 ,14
 NA ,48
 NA01 ,1
 NA17 ,1
 NA21 ,1
 NA81 ,1
 NAK ,1
 NAS ,1
 NAX ,1
 NC01 ,2
 NC02 ,1
 NC03 ,2
 NC05 ,5
 NC06 ,1
 NC11 ,3
 NC13 ,2
 NC14 ,12
 NC15 ,1
 NC16 ,1
 NC18 ,1
 NC19 ,1
 NC2 ,1
 NC21 ,2
 NC22 ,2
 NC25 ,3
 NC26 ,2
 NC27 ,5
 NC28 ,2
 NC30 ,2
 NC33 ,2
 NC35 ,1
 NC41 ,5
 NC47 ,3
 NC52 ,3
 NC56 ,1
 NC58 ,1
 NC61 ,2
 NC67 ,3
 NC77 ,1
 NC78 ,1
 NC81 ,3
 NC82 ,1
 NCD ,1
 NCO5 ,1
 NCQ ,1
 ND03 ,1
 ND06 ,1
 ND13 ,1
 ND17 ,1
 ND18 ,1
 ND28 ,1
 ND29 ,3
 ND31 ,2
 ND33 ,1
 ND34 ,1
 ND36 ,1
 ND43 ,1
 ND45 ,1
 ND48 ,1
 ND49 ,1
 ND59 ,1
 NE02 ,1
 NE03 ,1
 NE08 ,1
 NE17 ,1
 NE21 ,1
 NE26 ,1
 NE38 ,1
 NE40 ,1
 NE59 ,2
 NE65 ,1
 NE69 ,2
 NE92 ,1
 NEL ,1
 NEW ,36
 NFFN ,1
 NFL ,2
 NFR ,1
 NGU ,2
 NGW ,2
 NGZ ,1
 NH ,1
 NH08 ,3
 NH10 ,1
 NH12 ,2
 NH15 ,3
 NH16 ,1
 NH29 ,1
 NH31 ,1
 NH40 ,1
 NH68 ,1
 NH69 ,3
 NHK ,3
 NHO2 ,1
 NHZ ,1
 NID ,1
 NIN ,2
 NIP ,2
 NJ ,2
 NJ02 ,1
 NJ20 ,1
 NJ25 ,1
 NJP ,1
 NK02 ,1
 NK03 ,6
 NK09 ,1
 NK15 ,1
 NK17 ,1
 NK26 ,1
 NK68 ,1
 NK71 ,1
 NK79 ,3
 NKO2 ,1
 NKT ,6
 NKX ,3
 NLC ,4
 NM ,1
 NM01 ,3
 NM05 ,1
 NM09 ,2
 NM11 ,1
 NM25 ,1
 NM26 ,1
 NM29 ,1
 NM42 ,1
 NM51 ,4
 NM53 ,1
 NM56 ,1
 NM83 ,2
 NMM ,1
 NMO1 ,1
 NN26 ,1
 NO3 ,1
 NO4 ,1
 NO5 ,1
 NO7 ,4
 NOM ,1
 NONE ,1473
 NOP ,1
 NOWR ,1
 NPA ,3
 NPS ,1
 NQA ,5
 NQI ,2
 NRB ,1
 NRC ,1
 NRN ,1
 NRT ,7
 NSTU ,1
 NSW ,1
 NTAA ,1
 NTD ,3
 NTU ,2
 NUL ,3
 NUN ,1
 NUQ ,1
 NUW ,1
 NV00 ,1
 NV04 ,1
 NV06 ,1
 NV11 ,1
 NV18 ,2
 NV23 ,10
 NV26 ,1
 NV30 ,1
 NV33 ,1
 NV57 ,1
 NV64 ,1
 NV72 ,1
 NV74 ,5
 NVD ,2
 NVY ,1
 NWWW ,1
 NY0 ,2
 NY01 ,2
 NY02 ,2
 NY03 ,2
 NY04 ,1
 NY05 ,2
 NY06 ,3
 NY07 ,1
 NY08 ,1
 NY09 ,1
 NY1 ,2
 NY15 ,2
 NY18 ,1
 NY20 ,2
 NY21 ,1
 NY22 ,1
 NY27 ,1
 NY31 ,1
 NY45 ,1
 NY46 ,1
 NY54 ,2
 NY55 ,1
 NY57 ,1
 NY72 ,1
 NY76 ,1
 NY78 ,1
 NY81 ,1
 NY89 ,1
 NY94 ,14
 NYG ,3
 NYL ,3
 NYO ,1
 NZAA ,1
 NZJ ,3
 NZPG ,1
 NZWB ,1
 NZY ,2
 N\A ,1
 None ,80
 O00 ,4
 O01 ,2
 O02 ,5
 O03 ,1
 O04 ,10
 O05 ,4
 O07 ,1
 O08 ,3
 O11 ,1
 O12 ,1
 O14 ,1
 O15 ,9
 O16 ,5
 O17 ,6
 O18 ,1
 O19 ,2
 O1C ,1
 O1LC ,1
 O1V ,12
 O20 ,4
 O21 ,1
 O22 ,24
 O23 ,6
 O26 ,6
 O27 ,8
 O28 ,5
 O2G ,1
 O2Y ,1
 O31 ,7
 O32 ,6
 O33 ,2
 O35 ,1
 O36 ,2
 O37 ,4
 O38 ,3
 O39 ,1
 O3FA ,1
 O40 ,1
 O41 ,7
 O43 ,6
 O45 ,8
 O46 ,2
 O48 ,5
 O4TX ,1
 O52 ,3
 O54 ,1
 O56 ,5
 O57 ,5
 O58 ,1
 O59 ,1
 O5C ,2
 O5F ,1
 O5W ,1
 O60 ,5
 O61 ,10
 O62 ,1
 O63 ,1
 O66 ,1
 O68 ,6
 O69 ,18
 O6C ,1
 O6MO ,1
 O6U ,1
 O70 ,4
 O74 ,1
 O79 ,2
 O7F ,1
 O7FA ,1
 O81 ,4
 O85 ,13
 O86 ,4
 O88 ,9
 O89 ,5
 O96 ,1
 O97 ,1
 OA3 ,1
 OA4 ,1
 OA6 ,1
 OA7 ,3
 OA9 ,1
 OAIX ,1
 OAJ ,3
 OAK ,39
 OAK1 ,1
 OAKB ,2
 OAR ,5
 OAX ,1
 OB ,1
 OB2 ,1
 OB6 ,6
 OB7 ,2
 OB8 ,1
 OBE ,22
 OBF ,1
 OBI ,5
 OBO ,1
 OBU ,1
 OBX ,1
 OC ,1
 OC2 ,1
 OCA4 ,1
 OCC ,1
 OCF ,25
 OCH ,12
 OCN ,2
 OCQ ,1
 OCW ,5
 ODO ,8
 ODX ,2
 OE8 ,1
 OEA ,3
 OEB ,2
 OEJN ,2
 OEL ,1
 OEMA ,1
 OEO ,9
 OF7 ,1
 OF8 ,1
 OFF ,2
 OFK ,13
 OFP ,6
 OG01 ,1
 OG21 ,2
 OG29 ,3
 OG30 ,2
 OG31 ,1
 OG41 ,1
 OG51 ,1
 OG53 ,1
 OG6 ,1
 OG7 ,3
 OGA ,4
 OGB ,8
 OGD ,48
 OGE3 ,1
 OGG ,22
 OGO ,1
 OGR ,1
 OGS ,1
 OH01 ,1
 OH04 ,2
 OH07 ,2
 OH09 ,2
 OH11 ,1
 OH15 ,3
 OH17 ,4
 OH20 ,3
 OH21 ,3
 OH22 ,4
 OH24 ,1
 OH25 ,1
 OH28 ,2
 OH30 ,8
 OH32 ,1
 OH33 ,1
 OH59 ,1
 OH65 ,2
 OH71 ,1
 OH77 ,1
 OH93 ,1
 OI27 ,1
 OI31 ,2
 OI45 ,1
 OI68 ,1
 OI76 ,1
 OI92 ,1
 OIC ,4
 OII ,1
 OIMM ,1
 OIN ,2
 OITL ,1
 OITR ,1
 OIV ,1
 OJ4 ,1
 OJ6 ,1
 OJ8 ,1
 OJA ,1
 OJC ,33
 OK01 ,1
 OK02 ,1
 OK04 ,1
 OK06 ,1
 OK07 ,1
 OK11 ,1
 OK12 ,2
 OK13 ,1
 OK14 ,4
 OK15 ,2
 OK16 ,7
 OK19 ,1
 OK23 ,1
 OK25 ,1
 OK28 ,1
 OK31 ,1
 OK33 ,5
 OK35 ,1
 OK42 ,1
 OK5 ,2
 OK63 ,1
 OK67 ,1
 OK68 ,3
 OK72 ,1
 OK78 ,2
 OK83 ,1
 OK93 ,4
 OK94 ,1
 OK98 ,1
 OK99 ,1
 OKA ,1
 OKB ,7
 OKC ,16
 OKH ,2
 OKI5 ,1
 OKK ,5
 OKM ,11
 OKO ,1
 OKS ,1
 OKV ,8
 OKZ ,3
 OL5 ,1
 OL7 ,6
 OLBA ,1
 OLD ,3
 OLE ,5
 OLH ,1
 OLM ,14
 OLN ,1
 OLS ,6
 OLU ,5
 OLV ,16
 OLY ,3
 OLZ ,2
 OM1 ,1
 OM2 ,1
 OM3 ,1
 OMA ,14
 OMAL ,2
 OMDB ,1
 OME ,9
 OMEL ,1
 OMH ,2
 OMI ,1
 OMK ,4
 OMN ,29
 ON7 ,5
 ONA ,4
 ONL ,2
 ONM ,6
 ONO ,18
 ONP ,5
 ONT ,19
 ONY ,9
 ONYO ,1
 ONZ ,6
 OO8 ,1
 OOA ,2
 OOC ,1
 OOK ,5
 OON ,1
 OONC ,1
 OOR ,2
 OOV ,9
 OP ,1
 OP2 ,1
 OPAO ,2
 OPAP ,2
 OPE ,4
 OPF ,55
 OPL ,3
 OPLA ,1
 OPN ,3
 OPN1 ,1
 OPQT ,1
 OPRN ,1
 OQ3 ,3
 OQ5 ,2
 OQN ,11
 OQU ,5
 OQW ,2
 OR03 ,2
 OR04 ,2
 OR05 ,20
 OR1 ,1
 OR12 ,1
 OR13 ,1
 OR17 ,1
 OR23 ,1
 OR3 ,1
 OR33 ,1
 OR35 ,1
 OR38 ,1
 OR40 ,2
 OR57 ,1
 OR58 ,1
 OR62 ,1
 OR66 ,1
 OR7 ,2
 OR70 ,1
 OR73 ,1
 OR87 ,1
 OR9 ,4
 OR96 ,6
 OR99 ,1
 ORB ,2
 ORC ,1
 ORD ,150
 ORE ,13
 ORF ,17
 ORG ,9
 ORH ,8
 ORI ,3
 ORK ,4
 ORL ,60
 ORM ,3
 ORO ,2
 ORO5 ,1
 ORS ,7
 ORT ,12
 ORV ,1
 ORW ,1
 OS1 ,1
 OS2 ,1
 OS4 ,1
 OS8 ,1
 OSA ,2
 OSC ,2
 OSD6 ,1
 OSH ,100
 OSU ,18
 OTBK ,1
 OTE2 ,1
 OTG ,4
 OTH ,11
 OTHH ,1
 OTM ,7
 OTO ,1
 OTX6 ,1
 OTZ ,15
 OU3 ,1
 OUN ,16
 OV2 ,1
 OV4 ,1
 OVE ,8
 OVL ,1
 OVO ,3
 OVR ,1
 OVS ,1
 OW2 ,1
 OW3 ,2
 OW6 ,2
 OWA ,6
 OWB ,4
 OWD ,24
 OWI ,3
 OWI8 ,1
 OWK ,7
 OWP ,1
 OWX ,2
 OX8 ,1
 OXB ,12
 OXC ,24
 OXD ,3
 OXI ,6
 OXL ,1
 OXR ,19
 OXV ,1
 OY5 ,1
 OY7 ,1
 OY9 ,1
 OYM ,3
 OZ3 ,1
 OZA ,4
 OZR ,1
 OZW ,8
 O56 ,1
 P-37 ,1
 P-48 ,1
 P-52 ,1
 P03 ,2
 P04 ,4
 P06 ,12
 P08 ,7
 P10 ,24
 P11 ,1
 P13 ,6
 P14 ,11
 P15 ,2
 P16 ,6
 P19 ,18
 P20 ,10
 P234 ,1
 P29 ,2
 P32 ,10
 P33 ,8
 P34 ,2
 P37 ,21
 P45 ,2
 P48 ,12
 P49 ,1
 P52 ,23
 P53 ,3
 P64 ,1
 P72 ,1
 P96 ,2
 P97 ,1
 PA ,1
 PA01 ,2
 PA06 ,1
 PA08 ,3
 PA21 ,3
 PA30 ,1
 PA31 ,1
 PA41 ,1
 PA44 ,1
 PA48 ,1
 PA49 ,1
 PA51 ,1
 PA58 ,1
 PA64 ,1
 PA71 ,2
 PA85 ,1
 PA88 ,5
 PAAQ ,7
 PABA ,1
 PABE ,18
 PABG ,1
 PABL ,1
 PABV ,10
 PACD ,1
 PACK ,2
 PACL ,1
 PACR ,2
 PACV ,4
 PADL ,3
 PADQ ,3
 PADU ,3
 PADY ,1
 PAE ,50
 PAEM ,1
 PAEN ,2
 PAEW ,1
 PAFA ,24
 PAFB ,2
 PAFE ,2
 PAFS ,1
 PAGA ,3
 PAGG ,1
 PAGK ,2
 PAGQ ,1
 PAGS ,1
 PAGY ,1
 PAH ,6
 PAHO ,5
 PAII ,1
 PAIL ,4
 PAIM ,2
 PAJN ,11
 PAK ,6
 PAKI ,5
 PAKN ,5
 PAKT ,4
 PAKV ,1
 PAKY ,1
 PALG ,1
 PALH ,5
 PALJ ,1
 PALP ,1
 PAM ,2
 PAMC ,2
 PAMH ,1
 PAMK ,1
 PAML ,1
 PAMR ,28
 PAN ,19
 PANA ,1
 PANC ,23
 PANI ,5
 PANN ,2
 PANW ,1
 PAO ,65
 PAOH ,1
 PAOM ,4
 PAOR ,1
 PAOT ,5
 PAPH ,2
 PAPK ,1
 PAPM ,2
 PAPR ,1
 PAQ ,15
 PAQH ,1
 PAQT ,3
 PASI ,4
 PASL ,2
 PASM ,1
 PASO ,1
 PASP ,2
 PASW ,1
 PASX ,8
 PATA ,3
 PATG ,1
 PATJ ,1
 PATK ,11
 PATQ ,1
 PAV8 ,1
 PAVB ,1
 PAVC ,1
 PAWD ,1
 PAWI ,1
 PAWR ,2
 PAWS ,10
 PAYA ,3
 PAZK ,1
 PBF ,17
 PBG ,2
 PBH ,1
 PBI ,37
 PBK ,1
 PBT ,1
 PBV ,1
 PBX ,5
 PCD ,1
 PCE ,1
 PCM ,11
 PCU ,5
 PCW ,6
 PCZ ,4
 PD6 ,1
 PDC ,1
 PDK ,72
 PDT ,7
 PDX ,26
 PEA ,2
 PEC ,1
 PEO ,7
 PEP ,1
 PEQ ,5
 PER ,1
 PEX ,1
 PEZ ,5
 PFC ,7
 PFKO ,1
 PFKW ,1
 PFN ,22
 PFTO ,3
 PGA ,29
 PGC ,2
 PGD ,28
 PGI ,1
 PGL ,1
 PGM ,1
 PGR ,3
 PGSN ,1
 PGUM ,3
 PGV ,6
 PHC ,1
 PHD ,9
 PHDH ,7
 PHF ,15
 PHG ,3
 PHH ,2
 PHHI ,1
 PHJR ,1
 PHK ,18
 PHKO ,2
 PHL ,23
 PHLI ,2
 PHMK ,1
 PHMU ,2
 PHN ,16
 PHNG ,1
 PHNL ,8
 PHNY ,1
 PHO ,4
 PHOG ,1
 PHP ,2
 PHPA ,1
 PHR ,1
 PHT ,4
 PHTO ,5
 PHX ,47
 PIA ,16
 PIB ,2
 PIE ,42
 PIH ,11
 PII ,1
 PIL ,1
 PIM ,2
 PIO ,1
 PIP ,2
 PIR ,8
 PIT ,12
 PIZ ,2
 PJC ,5
 PJY ,3
 PKA ,3
 PKB ,11
 PKD ,4
 PKF ,2
 PKV ,2
 PKWA ,1
 PLB ,7
 PLD ,5
 PLK ,26
 PLN ,4
 PLO ,1
 PLR ,11
 PLU ,7
 PLY ,2
 PMB ,2
 PMD ,4
 PMH ,5
 PML ,2
 PMP ,27
 PMV ,6
 PMX ,5
 PMZ ,2
 PN01 ,1
 PN56 ,1
 PN80 ,1
 PN91 ,2
 PNA ,3
 PNC ,6
 PNE ,21
 PNL ,1
 PNM ,6
 PNP ,2
 PNS ,21
 PNT ,2
 PO1 ,2
 PO6 ,3
 POC ,31
 POE ,1
 POF ,3
 POP ,1
 POU ,21
 POV ,3
 POY ,1
 PPA ,8
 PPC ,1
 PPG ,3
 PPO ,2
 PQI ,3
 PQL ,1
 PR02 ,2
 PR05 ,1
 PR07 ,1
 PRB ,26
 PRC ,86
 PRG ,4
 PRIV ,7
 PRN ,1
 PRO ,2
 PRS ,1
 PRVT ,3
 PRX ,6
 PRZ ,2
 PS03 ,1
 PS11 ,1
 PS38 ,1
 PS50 ,1
 PS82 ,1
 PS95 ,1
 PSB ,4
 PSC ,13
 PSE ,3
 PSF ,14
 PSG ,3
 PSK ,3
 PSM ,4
 PSN ,7
 PSO ,5
 PSP ,35
 PTB ,8
 PTD ,3
 PTG ,2
 PTH ,4
 PTK ,53
 PTKK ,1
 PTN ,11
 PTNI ,1
 PTRO ,1
 PTS ,1
 PTT ,3
 PTU ,1
 PTV ,17
 PTW ,8
 PTY ,1
 PUB ,29
 PUC ,7
 PUJ ,1
 PUT ,2
 PUW ,13
 PV6 ,1
 PVB ,4
 PVC ,10
 PVD ,9
 PVE ,1
 PVF ,26
 PVG ,30
 PVO ,1
 PVR ,1
 PVT ,416
 PVU ,27
 PVW ,13
 PVZ ,4
 PW8 ,1
 PWA ,20
 PWC ,3
 PWD ,5
 PWG ,3
 PWK ,66
 PWM ,11
 PWR ,1
 PWT ,31
 PXE ,4
 PXT ,2
 PYG ,1
 PYM ,26
 PYX ,2
 PZO ,1
 PZQ ,2
 Priv ,4
 Pvt ,9
 Q00 ,4
 Q06 ,1
 Q09 ,1
 Q12 ,3
 Q14 ,2
 Q16 ,4
 Q19 ,4
 Q1V ,2
 Q21 ,4
 Q23 ,1
 Q24 ,4
 Q26 ,2
 Q31 ,1
 Q32 ,6
 Q33 ,1
 Q34 ,1
 Q35 ,6
 Q38 ,2
 Q39 ,4
 Q40 ,4
 Q41 ,3
 Q42 ,1
 Q43 ,1
 Q47 ,1
 Q49 ,2
 Q53 ,10
 Q58 ,4
 Q59 ,6
 Q5B ,1
 Q60 ,8
 Q61 ,6
 Q62 ,3
 Q64 ,6
 Q65 ,1
 Q66 ,1
 Q68 ,13
 Q69 ,8
 Q70 ,2
 Q72 ,3
 Q73 ,3
 Q74 ,1
 Q75 ,1
 Q78 ,1
 Q79 ,1
 Q82 ,3
 Q83 ,1
 Q84 ,3
 Q88 ,9
 Q89 ,1
 Q90 ,2
 Q94 ,8
 Q95 ,4
 Q96 ,5
 Q99 ,11
 QJ7 ,1
 QQV ,1
 QSY ,1
 R104 ,1
 R1R ,1
 R33 ,2
 R49 ,2
 RAC ,8
 RAL ,30
 RAP ,11
 RAS ,1
 RAW ,1
 RBD ,12
 RBE ,2
 RBG ,9
 RBL ,12
 RBQ ,1
 RBW ,6
 RBY ,1
 RC0 ,1
 RCE ,1
 RCM ,2
 RCQC ,1
 RCR ,10
 RCSS ,1
 RCTP ,2
 RCZ ,1
 RDB ,1
 RDD ,19
 RDG ,12
 RDK ,1
 RDM ,19
 RDU ,33
 RDV ,2
 RED ,7
 REG ,1
 REH ,1
 REI ,6
 REO ,2
 RFD ,17
 RFE ,1
 RFG ,4
 RFK ,1
 RGCC ,1
 RGD ,2
 RGK ,3
 RHI ,1
 RHP ,1
 RHV ,71
 RI04 ,5
 RI07 ,1
 RI10 ,1
 RI11 ,1
 RIC ,19
 RID ,8
 RIE ,3
 RIF ,9
 RIL ,12
 RIR ,23
 RIU ,8
 RIV ,6
 RIW ,12
 RJBB ,1
 RJD ,7
 RJFK ,1
 RJOO ,1
 RJTA ,1
 RKD ,11
 RKP ,7
 RKR ,3
 RKS ,30
 RKW ,1
 RLA ,29
 RLD ,13
 RLO ,1
 RM6 ,1
 RME ,1
 RMG ,14
 RMN ,9
 RMP ,1
 RMY ,3
 RNC ,2
 RND ,1
 RNH ,10
 RNL ,1
 RNM ,20
 RNO ,53
 RNP ,1
 RNT ,25
 RNV ,5
 ROA ,22
 ROAD ,1
 ROC ,15
 ROG ,7
 ROO ,1
 ROS ,3
 ROT ,1
 ROW ,14
 ROX ,3
 RPB ,2
 RPH ,1
 RPJ ,1
 RPLB ,1
 RPX ,3
 RQB ,3
 RQE ,1
 RQO ,2
 RRDI ,1
 RRF ,1
 RRL ,5
 RRQ ,1
 RRT ,2
 RSB ,1
 RSH ,3
 RSL ,1
 RSN ,6
 RST ,11
 RSV ,1
 RSW ,6
 RTN ,8
 RTS ,30
 RUE ,3
 RUG ,1
 RUH ,1
 RUI ,6
 RUQ ,11
 RUS ,1
 RUT ,16
 RVJ ,2
 RVL ,3
 RVN ,4
 RVS ,42
 RVT ,1
 RW3 ,1
 RWF ,3
 RWI ,3
 RWL ,25
 RWV ,1
 RXE ,14
 RYN ,56
 RYV ,9
 RYW ,2
 RYY ,26
 RZL ,4
 RZR ,2
 RZT ,4
 RZZ ,1
 S-97 ,1
 S00 ,1
 S01 ,2
 S03 ,5
 S039 ,1
 S04 ,1
 S05 ,8
 S07 ,18
 S08 ,6
 S0C ,1
 S10 ,6
 S12 ,14
 S13 ,10
 S14 ,1
 S15 ,2
 S16 ,3
 S17 ,6
 S18 ,1
 S19 ,4
 S1O ,1
 S1V ,1
 S1Y ,1
 S20 ,2
 S21 ,17
 S22 ,2
 S23 ,2
 S24 ,1
 S25 ,2
 S26 ,2
 S27 ,16
 S28 ,1
 S29 ,1
 S30 ,5
 S31 ,12
 S33 ,10
 S34 ,2
 S36 ,22
 S37 ,5
 S39 ,14
 S40 ,4
 S42 ,4
 S43 ,26
 S44 ,6
 S45 ,5
 S47 ,4
 S48 ,1
 S4Y ,1
 S50 ,28
 S51 ,1
 S52 ,2
 S59 ,6
 S5O ,1
 S60 ,3
 S61 ,2
 S62 ,4
 S63 ,2
 S66 ,4
 S67 ,20
 S68 ,3
 S69 ,2
 S6O ,1
 S70 ,6
 S71 ,2
 S72 ,3
 S73 ,6
 S75 ,7
 S76 ,2
 S78 ,10
 S80 ,7
 S81 ,2
 S84 ,2
 S85 ,1
 S86 ,3
 S87 ,2
 S88 ,13
 S89 ,2
 S90 ,3
 S91 ,1
 S92 ,2
 S93 ,3
 S94 ,5
 S95 ,5
 S97 ,3
 S98 ,11
 SA6 ,1
 SAA ,8
 SABE ,2
 SAC ,27
 SAD ,3
 SADF ,2
 SADQ ,1
 SAE ,1
 SAF ,46
 SAMC ,1
 SAN ,11
 SANC ,1
 SAR ,6
 SAS ,1
 SAT ,36
 SAV ,25
 SAW ,2
 SAZ ,2
 SAZM ,1
 SAZS ,1
 SBA ,38
 SBBE ,1
 SBBH ,1
 SBBI ,2
 SBBR ,1
 SBBW ,1
 SBCB ,1
 SBCG ,1
 SBD ,7
 SBEG ,4
 SBFI ,1
 SBGL ,1
 SBGO ,1
 SBGR ,2
 SBIL ,1
 SBJ ,2
 SBJC ,1
 SBJD ,4
 SBJF ,1
 SBJR ,1
 SBLO ,1
 SBM ,14
 SBME ,1
 SBMT ,2
 SBN ,13
 SBO ,5
 SBP ,39
 SBPV ,1
 SBQV ,2
 SBRB ,1
 SBS ,12
 SBSP ,1
 SBSR ,1
 SBST ,1
 SBTE ,1
 SBTF ,1
 SBTT ,1
 SBU ,1
 SBW ,1
 SBX ,1
 SBY ,11
 SC00 ,1
 SC05 ,1
 SC24 ,1
 SC26 ,1
 SC28 ,1
 SC32 ,1
 SC41 ,1
 SC42 ,1
 SC47 ,1
 SC55 ,1
 SC60 ,1
 SC65 ,1
 SC67 ,2
 SC76 ,1
 SC79 ,2
 SC82 ,2
 SC86 ,2
 SC90 ,1
 SC95 ,2
 SC99 ,3
 SCB ,4
 SCC ,5
 SCD ,7
 SCE ,1
 SCEL ,1
 SCGE ,1
 SCH ,4
 SCIE ,1
 SCK ,21
 SCM ,4
 SCO ,1
 SCO0 ,1
 SCQK ,1
 SCR ,3
 SCSE ,1
 SCTB ,1
 SCVL ,1
 SCX ,2
 SD01 ,4
 SD02 ,1
 SD03 ,2
 SD1 ,1
 SD13 ,1
 SD17 ,1
 SD25 ,1
 SD32 ,2
 SD39 ,2
 SD42 ,1
 SD55 ,1
 SD96 ,1
 SDA ,4
 SDC ,1
 SDF ,10
 SDIX ,1
 SDJ ,1
 SDL ,54
 SDM ,27
 SDNP ,1
 SDP ,3
 SDRS ,1
 SDTK ,2
 SDUB ,1
 SDVI ,1
 SDY ,6
 SEA ,34
 SEE ,62
 SEES ,1
 SEF ,26
 SEG ,4
 SELT ,1
 SEM ,6
 SEMC ,4
 SEP ,8
 SEQU ,2
 SER ,6
 SET ,6
 SETH ,1
 SEZ ,66
 SF2 ,1
 SFB ,45
 SFC ,1
 SFF ,28
 SFI ,1
 SFM ,17
 SFO ,30
 SFQ ,13
 SFR ,2
 SFS ,1
 SFY ,3
 SFZ ,17
 SGAS ,1
 SGAY ,1
 SGE ,2
 SGEN ,1
 SGES ,1
 SGF ,29
 SGH ,10
 SGJ ,40
 SGR ,22
 SGS ,13
 SGT ,4
 SGU ,27
 SGY ,2
 SHA ,1
 SHD ,15
 SHH ,1
 SHJ ,1
 SHL ,2
 SHN ,13
 SHR ,10
 SHV ,10
 SHX ,2
 SI1 ,1
 SI6 ,1
 SIAV ,1
 SIF ,4
 SIG ,14
 SIHJ ,1
 SIK ,5
 SIN ,2
 SIT ,7
 SIV ,2
 SIWS ,1
 SIY ,6
 SJC ,30
 SJI ,1
 SJN ,20
 SJNP ,1
 SJQK ,1
 SJT ,15
 SJU ,33
 SJV ,1
 SJX ,4
 SKA ,3
 SKAC ,1
 SKAD ,1
 SKBG ,1
 SKBO ,2
 SKEJ ,2
 SKF ,1
 SKGI ,3
 SKGY ,2
 SKI ,2
 SKLA ,1
 SKMR ,1
 SKMU ,1
 SKPA ,1
 SKPG ,1
 SKQU ,1
 SKRG ,1
 SKSP ,1
 SKUI ,2
 SKUL ,1
 SKVV ,2
 SKW ,9
 SKX ,22
 SKY ,11
 SL1 ,1
 SLA9 ,1
 SLB ,4
 SLC ,51
 SLCP ,1
 SLE ,8
 SLG ,8
 SLH ,2
 SLI ,7
 SLK ,5
 SLN ,14
 SLO ,7
 SLQ ,3
 SLR ,3
 SLSU ,1
 SLTR ,1
 SMA ,1
 SMD ,12
 SME ,9
 SMF ,6
 SMN ,6
 SMO ,45
 SMQ ,11
 SMS ,3
 SMSD ,1
 SMU ,3
 SMX ,18
 SN04 ,1
 SN05 ,1
 SN07 ,1
 SN22 ,1
 SN29 ,1
 SN52 ,1
 SN76 ,2
 SN91 ,1
 SNA ,68
 SNAU ,1
 SNBS ,2
 SNC ,6
 SNCL ,1
 SNEB ,1
 SNH ,3
 SNJI ,1
 SNK ,1
 SNL ,6
 SNN ,2
 SNP ,1
 SNPA ,1
 SNS ,33
 SNXK ,1
 SNY ,7
 SO3 ,1
 SO5 ,2
 SO8 ,1
 SOCA ,1
 SOF ,1
 SOL ,1
 SOP ,11
 SOV ,9
 SOW ,35
 SOY ,1
 SP1 ,1
 SPA ,17
 SPB ,15
 SPCL ,1
 SPCM ,1
 SPD ,1
 SPF ,10
 SPG ,51
 SPH ,4
 SPHY ,1
 SPI ,15
 SPIA ,1
 SPIS ,1
 SPJC ,1
 SPK ,4
 SPMS ,1
 SPN ,1
 SPNC ,1
 SPQU ,1
 SPS ,4
 SPT ,1
 SPW ,5
 SPX ,5
 SPZ ,3
 SPZA ,1
 SPZO ,2
 SQI ,7
 SQL ,48
 SRB ,5
 SRC ,2
 SRE ,1
 SRF ,1
 SRQ ,35
 SRR ,16
 SRU ,3
 SS1 ,1
 SS87 ,1
 SSC ,1
 SSCL ,1
 SSD ,1
 SSF ,25
 SSFG ,1
 SSI ,25
 SSJ ,1
 SSKS ,1
 SSOK ,1
 SSQ ,2
 SSQI ,1
 SSU ,4
 SSUE ,1
 ST75 ,1
 STA4 ,3
 STC ,20
 STE ,10
 STF ,5
 STFQ ,1
 STJ ,8
 STK ,9
 STL ,37
 STN ,1
 STP ,16
 STQ ,1
 STS ,27
 STT ,17
 STU ,1
 STX ,8
 SU7 ,1
 SUA ,25
 SUE ,2
 SUJ ,1
 SULS ,1
 SUN ,30
 SUS ,65
 SUT ,9
 SUU ,5
 SUW ,11
 SUX ,4
 SVA ,4
 SVC ,5
 SVCA ,1
 SVCN ,1
 SVCS ,3
 SVE ,5
 SVH ,14
 SVMI ,1
 SVN ,2
 SVO ,1
 SVPR ,1
 SVS ,1
 SVSC ,1
 SVVA ,2
 SVW ,2
 SWD ,10
 SWEF ,1
 SWF ,12
 SWFN ,3
 SWGN ,1
 SWI ,5
 SWKO ,1
 SWLC ,1
 SWNS ,1
 SWNV ,1
 SWO ,14
 SWPD ,1
 SWPK ,1
 SWSI ,1
 SWT ,1
 SWUZ ,1
 SWVL ,1
 SWW ,9
 SXL ,1
 SXO ,1
 SXP ,3
 SXQ ,21
 SXU ,3
 SYCJ ,2
 SYD ,1
 SYET ,1
 SYF ,3
 SYI ,4
 SYMR ,1
 SYN ,5
 SYOC ,1
 SYR ,14
 SYV ,2
 SZL ,1
 SZP ,51
 SZT ,7
 SZX ,1
 SZY ,3
 T-41 ,1
 T00 ,5
 T02 ,11
 T03 ,2
 T04 ,9
 T05 ,5
 T12 ,3
 T14 ,2
 T16 ,3
 T17 ,9
 T19 ,1
 T1W ,1
 T21 ,1
 T23 ,2
 T24 ,1
 T25 ,3
 T27 ,8
 T28 ,4
 T29 ,3
 T2S6 ,1
 T30 ,2
 T31 ,11
 T33 ,1
 T35 ,3
 T36 ,2
 T37 ,1
 T38 ,1
 T39 ,3
 T40 ,20
 T41 ,30
 T42 ,3
 T43 ,3
 T44 ,1
 T45 ,1
 T47 ,5
 T49 ,4
 T51 ,2
 T53 ,1
 T54 ,1
 T56 ,1
 T57 ,1
 T62 ,1
 T65 ,8
 T66 ,4
 T67 ,20
 T68 ,2
 T69 ,4
 T71 ,1
 T72 ,5
 T73 ,1
 T74 ,8
 T76 ,1
 T77 ,1
 T78 ,1
 T82 ,15
 T85 ,2
 T86 ,8
 T88 ,1
 T89 ,4
 T90 ,6
 T91 ,2
 T92 ,2
 T94 ,6
 T98 ,2
 T99 ,1
 TA04 ,1
 TA11 ,3
 TA22 ,1
 TA25 ,1
 TA41 ,1
 TA48 ,1
 TA50 ,1
 TA65 ,1
 TA66 ,3
 TA67 ,2
 TA75 ,1
 TAD ,5
 TAN ,17
 TAPA ,1
 TAU ,1
 TAZ ,3
 TBC ,1
 TBR ,13
 TCC ,5
 TCL ,22
 TCS ,10
 TCT ,3
 TCY ,10
 TD0 ,1
 TDF ,9
 TDO ,11
 TDW ,17
 TDZ ,11
 TE01 ,1
 TE11 ,1
 TE30 ,1
 TE33 ,1
 TE52 ,2
 TE58 ,1
 TE71 ,3
 TE75 ,3
 TE86 ,1
 TE92 ,1
 TE93 ,1
 TE96 ,1
 TEB ,43
 TEL ,3
 TEW ,4
 TEX ,26
 TFI ,2
 TFP ,2
 TFS ,1
 TGC ,2
 TGI ,5
 THA ,17
 THL ,1
 THM ,5
 THP ,1
 THU ,1
 THV ,14
 TIF ,1
 TIP ,2
 TIST ,6
 TISX ,2
 TIW ,26
 TIX ,33
 TJAB ,1
 TJCP ,2
 TJFA ,1
 TJIG ,10
 TJMZ ,4
 TJNR ,1
 TJPS ,1
 TJRV ,1
 TJSJ ,6
 TJVQ ,1
 TK1 ,1
 TKA ,25
 TKB ,1
 TKE ,1
 TKI ,26
 TKJ ,1
 TKL ,1
 TKO ,2
 TKPN ,1
 TKV ,1
 TKX ,2
 TLH ,33
 TLR ,9
 TLT ,4
 TMA ,2
 TMB ,57
 TME ,2
 TMK ,2
 TMT ,1
 TN04 ,1
 TN08 ,4
 TN0B ,1
 TN14 ,1
 TN20 ,5
 TN44 ,1
 TN56 ,1
 TN64 ,1
 TN68 ,1
 TN77 ,3
 TN87 ,2
 TN89 ,1
 TN95 ,1
 TN96 ,1
 TN98 ,8
 TN99 ,1
 TNC ,1
 TNC1 ,1
 TNCB ,1
 TNCM ,1
 TNI ,1
 TNP ,6
 TNT ,4
 TNU ,3
 TO2 ,1
 TO4 ,1
 TO5 ,1
 TOA ,49
 TOB ,6
 TOC ,5
 TOG ,3
 TOI ,4
 TOL ,10
 TOO ,1
 TOP ,11
 TOR ,4
 TPA ,29
 TPE ,1
 TPF ,19
 TPH ,7
 TPI ,1
 TPL ,15
 TPO ,2
 TQE ,1
 TQH ,3
 TQK ,2
 TRI ,17
 TRK ,69
 TRL ,8
 TRM ,25
 TRR ,1
 TRX ,4
 TS0 ,1
 TS01 ,1
 TS07 ,2
 TS36 ,2
 TS42 ,1
 TS55 ,1
 TS63 ,1
 TS65 ,3
 TS67 ,2
 TS94 ,1
 TSA ,1
 TSG ,1
 TSO ,7
 TSP ,15
 TSS ,1
 TST ,1
 TTA ,5
 TTD ,18
 TTF ,4
 TTN ,11
 TU5 ,1
 TUC ,3
 TUL ,22
 TUM ,1
 TUN ,1
 TUP ,13
 TUPJ ,1
 TUR ,1
 TUS ,51
 TVA ,1
 TVB ,2
 TVC ,24
 TVF ,5
 TVI ,4
 TVK ,1
 TVL ,46
 TVR ,1
 TVY ,21
 TWE ,1
 TWF ,17
 TWL ,1
 TWM ,2
 TX04 ,13
 TX05 ,11
 TX06 ,1
 TX09 ,2
 TX10 ,1
 TX11 ,1
 TX12 ,2
 TX23 ,3
 TX27 ,1
 TX37 ,1
 TX46 ,3
 TX54 ,1
 TX66 ,1
 TX80 ,1
 TX82 ,1
 TXK ,9
 TXKF ,1
 TYL ,2
 TYQ ,4
 TYR ,13
 TYS ,15
 TZA ,1
 TZR ,4
 TZT ,1
 U00 ,1
 U01 ,2
 U02 ,5
 U03 ,5
 U05 ,2
 U06 ,2
 U07 ,11
 U08 ,4
 U0S ,1
 U10 ,3
 U11 ,3
 U12 ,3
 U13 ,3
 U14 ,11
 U15 ,5
 U19 ,3
 U22 ,2
 U26 ,1
 U27 ,3
 U2A ,1
 U3 ,1
 U30 ,3
 U34 ,1
 U35 ,3
 U36 ,2
 U40 ,1
 U41 ,1
 U42 ,51
 U43 ,5
 U45 ,1
 U48 ,1
 U52 ,3
 U53 ,3
 U54 ,1
 U55 ,4
 U56 ,6
 U57 ,3
 U59 ,15
 U60 ,13
 U61 ,1
 U63 ,2
 U65 ,1
 U660 ,1
 U68 ,1
 U69 ,4
 U70 ,7
 U72 ,2
 U73 ,4
 U75 ,1
 U76 ,4
 U77 ,30
 U78 ,4
 U79 ,1
 U81 ,3
 U82 ,1
 U84 ,4
 U86 ,1
 U87 ,4
 U88 ,3
 U89 ,2
 U90 ,1
 U94 ,5
 U96 ,2
 U98 ,1
 UAO ,8
 UBE ,5
 UBS ,4
 UBX ,2
 UCA ,10
 UCFO ,1
 UCP ,4
 UCY ,5
 UDD ,14
 UDG ,1
 UDO ,1
 UELL ,1
 UES ,9
 UGN ,24
 UHMM ,1
 UIII ,1
 UIN ,11
 UIZ ,4
 UKF ,1
 UKI ,11
 UKT ,6
 ULM ,3
 ULS ,2
 UMM ,3
 UMMB ,1
 UMMS ,1
 UMP ,6
 UMT ,1
 UNI ,7
 UNK ,19
 UNKN ,2
 UNO ,5
 UNU ,4
 UNV ,15
 UNY ,1
 UO5 ,1
 UO7 ,1
 UOS ,1
 UOX ,6
 URSS ,1
 US1 ,1
 USE ,9
 USFS ,1
 USPP ,1
 UT10 ,5
 UT24 ,1
 UT25 ,6
 UT29 ,2
 UT30 ,1
 UT41 ,1
 UT47 ,2
 UT75 ,5
 UT77 ,1
 UT83 ,1
 UT99 ,4
 UTA ,5
 UTC ,1
 UTS ,5
 UTZ ,1
 UUDD ,1
 UUEE ,1
 UUK ,1
 UUO ,10
 UUU ,12
 UUV ,2
 UVA ,11
 UWL ,1
 UWWW ,1
 UXL ,2
 UYF ,3
 UZA ,6
 Unkn ,1
 V1Q ,1
 V200 ,1
 V229 ,1
 V77 ,1
 VA02 ,5
 VA04 ,1
 VA18 ,1
 VA27 ,1
 VA30 ,1
 VA33 ,4
 VA36 ,1
 VA42 ,1
 VA50 ,1
 VA52 ,1
 VA53 ,1
 VA61 ,1
 VA72 ,1
 VA83 ,1
 VA85 ,7
 VA90 ,1
 VA96 ,1
 VA99 ,1
 VABB ,1
 VAK ,7
 VAY ,16
 VBT ,5
 VBW ,2
 VCB ,10
 VCT ,2
 VCV ,7
 VDF ,10
 VDI ,3
 VDZ ,5
 VEL ,8
 VER ,4
 VES ,3
 VFL ,1
 VG18 ,2
 VG24 ,1
 VG37 ,1
 VG41 ,1
 VG52 ,1
 VG57 ,2
 VGC ,1
 VGT ,82
 VHN ,3
 VI2 ,2
 VID ,1
 VIE ,1
 VIH ,4
 VIQ ,3
 VIS ,15
 VJI ,10
 VKS ,9
 VKX ,8
 VLA ,3
 VLD ,15
 VLL ,5
 VMR ,5
 VNA ,1
 VNC ,35
 VNKT ,1
 VNO ,1
 VNU ,1
 VNW ,6
 VNY ,97
 VOK ,3
 VP2 ,1
 VPC ,12
 VPS ,5
 VPZ ,28
 VQQ ,4
 VQS ,7
 VRB ,48
 VRO ,1
 VSF ,7
 VT05 ,1
 VT12 ,1
 VT15 ,1
 VT26 ,1
 VT33 ,1
 VT41 ,1
 VT43 ,2
 VT44 ,1
 VT46 ,1
 VT55 ,1
 VT8 ,1
 VTA ,6
 VTI ,5
 VTN ,3
 VUJ ,2
 VUO ,2
 VVS ,4
 VWU ,1
 VYS ,5
 W 32 ,1
 W-54 ,1
 W00 ,26
 W01 ,1
 W02 ,1
 W03 ,1
 W04 ,2
 W05 ,4
 W07 ,2
 W09 ,7
 W10 ,19
 W12 ,2
 W120 ,1
 W13 ,15
 W132 ,1
 W14 ,1
 W16 ,7
 W17 ,12
 W178 ,1
 W18 ,8
 W182 ,2
 W189 ,1
 W19 ,2
 W20 ,7
 W22 ,8
 W23 ,2
 W24 ,7
 W25 ,1
 W27 ,5
 W28 ,13
 W29 ,30
 W32 ,17
 W33 ,1
 W34 ,3
 W35 ,1
 W36 ,7
 W40 ,1
 W41 ,3
 W42 ,2
 W44 ,1
 W45 ,3
 W46 ,1
 W48 ,4
 W49 ,5
 W50 ,4
 W52 ,4
 W54 ,6
 W57 ,1
 W58 ,2
 W59 ,1
 W63 ,2
 W65 ,2
 W66 ,20
 W67 ,1
 W70 ,3
 W73 ,7
 W75 ,14
 W77 ,3
 W78 ,4
 W79 ,4
 W80 ,1
 W81 ,2
 W83 ,4
 W85 ,2
 W88 ,9
 W90 ,6
 W91 ,11
 W92 ,4
 W93 ,6
 W95 ,9
 W96 ,11
 W97 ,8
 W98 ,4
 W99 ,5
 WA03 ,1
 WA04 ,1
 WA05 ,1
 WA08 ,1
 WA09 ,8
 WA10 ,5
 WA13 ,1
 WA14 ,2
 WA17 ,2
 WA18 ,1
 WA20 ,4
 WA22 ,6
 WA24 ,3
 WA25 ,2
 WA27 ,2
 WA31 ,5
 WA32 ,6
 WA33 ,2
 WA36 ,1
 WA38 ,8
 WA39 ,1
 WA40 ,2
 WA43 ,1
 WA44 ,3
 WA48 ,2
 WA49 ,2
 WA57 ,3
 WA60 ,2
 WA61 ,2
 WA62 ,1
 WA64 ,1
 WA67 ,3
 WA69 ,3
 WA71 ,6
 WA72 ,1
 WA76 ,1
 WA77 ,4
 WA79 ,1
 WA84 ,1
 WA87 ,4
 WA90 ,1
 WA93 ,2
 WA96 ,1
 WA97 ,3
 WADD ,1
 WAL ,1
 WALL ,1
 WAO5 ,1
 WAS ,1
 WAY ,9
 WBB ,3
 WBGG ,1
 WBW ,6
 WC26 ,1
 WC61 ,1
 WCR ,1
 WDG ,3
 WDR ,13
 WEA ,13
 WEST ,1
 WFB ,2
 WHD ,1
 WHP ,57
 WI04 ,1
 WI06 ,1
 WI07 ,1
 WI09 ,1
 WI10 ,3
 WI14 ,3
 WI15 ,2
 WI17 ,1
 WI20 ,3
 WI22 ,1
 WI25 ,1
 WI31 ,1
 WI32 ,2
 WI36 ,1
 WI46 ,5
 WI57 ,1
 WI58 ,1
 WI69 ,1
 WI78 ,1
 WI89 ,2
 WI92 ,4
 WI95 ,1
 WI97 ,1
 WIBB ,2
 WICC ,1
 WIHH ,1
 WIII ,2
 WIJ ,1
 WIMM ,1
 WIOO ,1
 WJF ,38
 WLD ,5
 WLK ,4
 WLW ,16
 WMC ,17
 WMKK ,1
 WMO ,2
 WMSA ,1
 WN05 ,1
 WN07 ,1
 WN13 ,4
 WN15 ,2
 WN16 ,1
 WN17 ,1
 WN18 ,2
 WN26 ,2
 WN29 ,1
 WN35 ,1
 WN42 ,2
 WN53 ,2
 WN54 ,1
 WN72 ,1
 WN75 ,1
 WN76 ,6
 WN92 ,1
 WNA ,1
 WO9 ,2
 WOO ,5
 WRB ,1
 WRG ,2
 WRI ,3
 WRL ,4
 WS06 ,1
 WS17 ,2
 WS29 ,1
 WS43 ,1
 WS69 ,1
 WS77 ,2
 WSAC ,1
 WSN ,2
 WSSS ,1
 WST ,20
 WTK ,1
 WV12 ,14
 WV22 ,4
 WV29 ,3
 WV30 ,3
 WV59 ,1
 WV62 ,5
 WV67 ,1
 WV77 ,1
 WVI ,24
 WVL ,5
 WWD ,18
 WWR ,4
 WWT ,1
 WY60 ,1
 WY65 ,1
 WYS ,3
 Wn15 ,1
 X ,1
 X-23 ,1
 X-28 ,1
 X-46 ,1
 X-47 ,1
 X-51 ,1
 X-52 ,2
 X-53 ,1
 X00 ,1
 X01 ,15
 X04 ,28
 X05 ,14
 X06 ,11
 X07 ,16
 X09 ,8
 X10 ,5
 X12 ,1
 X13 ,2
 X14 ,13
 X16 ,18
 X17 ,4
 X18 ,4
 X20 ,1
 X21 ,19
 X22 ,1
 X23 ,6
 X25 ,16
 X26 ,14
 X28 ,8
 X29 ,1
 X30 ,7
 X31 ,8
 X33 ,1
 X35 ,10
 X36 ,5
 X38 ,1
 X39 ,13
 X40 ,7
 X41 ,5
 X42 ,2
 X43 ,1
 X44 ,4
 X45 ,6
 X46 ,14
 X47 ,38
 X48 ,2
 X49 ,5
 X50 ,11
 X51 ,16
 X52 ,5
 X53 ,6
 X54 ,4
 X55 ,13
 X56 ,2
 X58 ,12
 X59 ,15
 X60 ,18
 X61 ,7
 X63 ,2
 X64 ,7
 X65 ,8
 X95 ,5
 XA05 ,1
 XA42 ,1
 XA57 ,1
 XA66 ,1
 XA86 ,1
 XA99 ,1
 XBP ,3
 XFL ,5
 XL ,1
 XLL ,6
 XMR ,1
 XMS ,1
 XNA ,1
 XNX ,1
 XO1 ,3
 XO4 ,1
 XO5 ,3
 XO9 ,1
 XOI ,1
 XS09 ,1
 XS10 ,1
 XS56 ,1
 XS57 ,1
 XS58 ,1
 XS63 ,2
 XS64 ,2
 XS70 ,1
 XS77 ,2
 XS80 ,1
 XS90 ,1
 XS99 ,2
 XSA ,3
 XUBS ,1
 XVG ,2
 XXX ,3
 XYEC ,1
 Y-14 ,1
 Y01 ,2
 Y04 ,1
 Y05 ,3
 Y06 ,1
 Y12 ,13
 Y14 ,6
 Y15 ,1
 Y17 ,3
 Y19 ,3
 Y1P ,1
 Y20 ,1
 Y23 ,1
 Y25 ,5
 Y29 ,1
 Y30 ,1
 Y31 ,5
 Y33 ,4
 Y35 ,1
 Y37 ,1
 Y39 ,2
 Y40 ,2
 Y41 ,1
 Y42 ,2
 Y43 ,1
 Y45 ,1
 Y47 ,15
 Y49 ,2
 Y50 ,6
 Y51 ,1
 Y52 ,2
 Y55 ,1
 Y61 ,1
 Y62 ,1
 Y65 ,2
 Y66 ,4
 Y68 ,2
 Y70 ,12
 Y72 ,2
 Y76 ,2
 Y78 ,7
 Y83 ,1
 Y84 ,4
 Y85 ,6
 Y87 ,1
 Y88 ,2
 Y89 ,2
 Y91 ,4
 Y94 ,2
 Y95 ,1
 Y96 ,1
 YAK ,4
 YBBN ,1
 YFLI ,1
 YHZ ,1
 YIP ,25
 YKM ,17
 YKN ,5
 YKO ,1
 YNG ,9
 YOO ,1
 YOW ,1
 YPI ,1
 YPZ ,1
 YQB ,1
 YQR ,1
 YSS ,1
 YSWG ,1
 YT2 ,1
 YUL ,1
 YUM ,14
 YYZ ,1
 YZV ,1
 Z-15 ,2
 Z01 ,1
 Z02 ,1
 Z03 ,4
 Z06 ,1
 Z09 ,4
 Z13 ,7
 Z14 ,2
 Z15 ,30
 Z16 ,8
 Z17 ,1
 Z22 ,7
 Z26 ,1
 Z30 ,1
 Z35 ,1
 Z37 ,2
 Z38 ,2
 Z40 ,20
 Z41 ,41
 Z53 ,1
 Z55 ,1
 Z59 ,1
 Z61 ,1
 Z68 ,4
 Z71 ,1
 Z73 ,1
 Z74 ,1
 Z90 ,1
 Z92 ,1
 Z93 ,1
 Z95 ,1
 Z96 ,1
 Z98 ,4
 ZDWG ,1
 ZEF ,3
 ZER ,6
 ZM8 ,1
 ZN6 ,1
 ZPH ,18
 ZRH ,1
 ZS7 ,1
 ZSPD ,1
 ZV2 ,1
 ZV6 ,1
 ZYLD ,1
 ZZV ,4
 asp ,1
 cdg ,1
 cdw ,1
 cxl ,1
 f86 ,1
 fxe ,1
 ipl ,2
 jjc ,1
 kela ,1
 m02 ,1
 myeh ,1
 n/a ,4
 na ,5
 none ,7
 pbi ,3
 psp ,1
 pvt ,1
 spcl ,1
 xxx ,1
