,0
ntsb_accidents,0
ntsb_incidents,0
faa_incidents,0
state,43662
region,43662
ddso_service_area,43662
class,43662
tower_operations,63651
airport_operations,50568
total_operations,64830
faa_ntsb_overlap,71674
aircarrier_ifr_itnr,43662
aircarrier_ifr_ovrflt,53878
aircarrier_vfr_itnr,57843
aircarrier_vfr_ovrflt,69587
airtaxi_ifr_itnr,45125
airtaxi_ifr_ovrflt,60776
airtaxi_vfr_itnr,48201
airtaxi_vfr_ovrflt,62231
genaviation_ifr_itnr,43714
genaviation_ifr_ovrflt,59444
military_local,58493
civil_local,51891
total_local,58510
genaviation_vfr_itnr,46484
genaviation_vfr_ovrflt,60232
military_ifr_itnr,47343
military_ifr_ovrflt,61754
military_vfr_itnr,49350
military_vfr_ovrflt,62714
total_ifr_itnr,44809
total_ifr_ovrflt,60047
total_vfr_itnr,46840
total_vfr_ovrflt,60605
narr_avg_wc_1m,61595
narr_avg_wc_3m,54455
narr_avg_wc_6m,49394
narr_avg_wc_12m,44424
narr_wc_1m,61595
narr_wc_3m,54455
narr_wc_6m,49394
narr_wc_12m,44424
narr_wc_all_1m,61595
narr_wc_all_3m,54455
narr_wc_all_6m,49394
narr_wc_all_12m,44424
narr_wc_out_1m,61595
narr_wc_out_3m,54455
narr_wc_out_6m,49394
narr_wc_out_12m,44424
narr_wc_prop_1m,61595
narr_wc_prop_3m,54455
narr_wc_prop_6m,49394
narr_wc_prop_12m,44424
pos_nwrd_narr_1m,61595
pos_nwrd_narr_3m,54455
pos_nwrd_narr_6m,49394
pos_nwrd_narr_12m,44424
pos_nwrd_unq_narr_1m,61595
pos_nwrd_unq_narr_3m,54455
pos_nwrd_unq_narr_6m,49394
pos_nwrd_unq_narr_12m,44424
abrvs_no_ovrcnt_narr_1m,61595
abrvs_no_ovrcnt_narr_3m,54455
abrvs_no_ovrcnt_narr_6m,49394
abrvs_no_ovrcnt_narr_12m,44424
liwc_ipron_narr_ct_1m,61595
liwc_ipron_narr_ct_3m,54455
liwc_ipron_narr_ct_6m,49394
liwc_ipron_narr_ct_12m,44424
liwc_ipron_narr_prop_1m,61595
liwc_ipron_narr_prop_3m,54455
liwc_ipron_narr_prop_6m,49394
liwc_ipron_narr_prop_12m,44424
liwc_ipron_flfrm_narr_ct_1m,61595
liwc_ipron_flfrm_narr_ct_3m,54455
liwc_ipron_flfrm_narr_ct_6m,49394
liwc_ipron_flfrm_narr_ct_12m,44424
liwc_ipron_flfrm_narr_prop_1m,61595
liwc_ipron_flfrm_narr_prop_3m,54455
liwc_ipron_flfrm_narr_prop_6m,49394
liwc_ipron_flfrm_narr_prop_12m,44424
liwc_work_narr_ct_1m,61595
liwc_work_narr_ct_3m,54455
liwc_work_narr_ct_6m,49394
liwc_work_narr_ct_12m,44424
liwc_work_narr_prop_1m,61595
liwc_work_narr_prop_3m,54455
liwc_work_narr_prop_6m,49394
liwc_work_narr_prop_12m,44424
liwc_work_flfrm_narr_ct_1m,61595
liwc_work_flfrm_narr_ct_3m,54455
liwc_work_flfrm_narr_ct_6m,49394
liwc_work_flfrm_narr_ct_12m,44424
liwc_work_flfrm_narr_prop_1m,61595
liwc_work_flfrm_narr_prop_3m,54455
liwc_work_flfrm_narr_prop_6m,49394
liwc_work_flfrm_narr_prop_12m,44424
liwc_female_narr_ct_1m,61595
liwc_female_narr_ct_3m,54455
liwc_female_narr_ct_6m,49394
liwc_female_narr_ct_12m,44424
liwc_female_narr_prop_1m,61595
liwc_female_narr_prop_3m,54455
liwc_female_narr_prop_6m,49394
liwc_female_narr_prop_12m,44424
liwc_female_flfrm_narr_ct_1m,61595
liwc_female_flfrm_narr_ct_3m,54455
liwc_female_flfrm_narr_ct_6m,49394
liwc_female_flfrm_narr_ct_12m,44424
liwc_female_flfrm_narr_prop_1m,61595
liwc_female_flfrm_narr_prop_3m,54455
liwc_female_flfrm_narr_prop_6m,49394
liwc_female_flfrm_narr_prop_12m,44424
liwc_discrep_narr_ct_1m,61595
liwc_discrep_narr_ct_3m,54455
liwc_discrep_narr_ct_6m,49394
liwc_discrep_narr_ct_12m,44424
liwc_discrep_narr_prop_1m,61595
liwc_discrep_narr_prop_3m,54455
liwc_discrep_narr_prop_6m,49394
liwc_discrep_narr_prop_12m,44424
liwc_discrep_flfrm_narr_ct_1m,61595
liwc_discrep_flfrm_narr_ct_3m,54455
liwc_discrep_flfrm_narr_ct_6m,49394
liwc_discrep_flfrm_narr_ct_12m,44424
liwc_discrep_flfrm_narr_prop_1m,61595
liwc_discrep_flfrm_narr_prop_3m,54455
liwc_discrep_flfrm_narr_prop_6m,49394
liwc_discrep_flfrm_narr_prop_12m,44424
liwc_compare_narr_ct_1m,61595
liwc_compare_narr_ct_3m,54455
liwc_compare_narr_ct_6m,49394
liwc_compare_narr_ct_12m,44424
liwc_compare_narr_prop_1m,61595
liwc_compare_narr_prop_3m,54455
liwc_compare_narr_prop_6m,49394
liwc_compare_narr_prop_12m,44424
liwc_compare_flfrm_narr_ct_1m,61595
liwc_compare_flfrm_narr_ct_3m,54455
liwc_compare_flfrm_narr_ct_6m,49394
liwc_compare_flfrm_narr_ct_12m,44424
liwc_compare_flfrm_narr_prop_1m,61595
liwc_compare_flfrm_narr_prop_3m,54455
liwc_compare_flfrm_narr_prop_6m,49394
liwc_compare_flfrm_narr_prop_12m,44424
liwc_power_narr_ct_1m,61595
liwc_power_narr_ct_3m,54455
liwc_power_narr_ct_6m,49394
liwc_power_narr_ct_12m,44424
liwc_power_narr_prop_1m,61595
liwc_power_narr_prop_3m,54455
liwc_power_narr_prop_6m,49394
liwc_power_narr_prop_12m,44424
liwc_power_flfrm_narr_ct_1m,61595
liwc_power_flfrm_narr_ct_3m,54455
liwc_power_flfrm_narr_ct_6m,49394
liwc_power_flfrm_narr_ct_12m,44424
liwc_power_flfrm_narr_prop_1m,61595
liwc_power_flfrm_narr_prop_3m,54455
liwc_power_flfrm_narr_prop_6m,49394
liwc_power_flfrm_narr_prop_12m,44424
liwc_risk_narr_ct_1m,61595
liwc_risk_narr_ct_3m,54455
liwc_risk_narr_ct_6m,49394
liwc_risk_narr_ct_12m,44424
liwc_risk_narr_prop_1m,61595
liwc_risk_narr_prop_3m,54455
liwc_risk_narr_prop_6m,49394
liwc_risk_narr_prop_12m,44424
liwc_risk_flfrm_narr_ct_1m,61595
liwc_risk_flfrm_narr_ct_3m,54455
liwc_risk_flfrm_narr_ct_6m,49394
liwc_risk_flfrm_narr_ct_12m,44424
liwc_risk_flfrm_narr_prop_1m,61595
liwc_risk_flfrm_narr_prop_3m,54455
liwc_risk_flfrm_narr_prop_6m,49394
liwc_risk_flfrm_narr_prop_12m,44424
liwc_affiliation_narr_ct_1m,61595
liwc_affiliation_narr_ct_3m,54455
liwc_affiliation_narr_ct_6m,49394
liwc_affiliation_narr_ct_12m,44424
liwc_affiliation_narr_prop_1m,61595
liwc_affiliation_narr_prop_3m,54455
liwc_affiliation_narr_prop_6m,49394
liwc_affiliation_narr_prop_12m,44424
liwc_affiliation_flfrm_narr_ct_1m,61595
liwc_affiliation_flfrm_narr_ct_3m,54455
liwc_affiliation_flfrm_narr_ct_6m,49394
liwc_affiliation_flfrm_narr_ct_12m,44424
liwc_affiliation_flfrm_narr_prop_1m,61595
liwc_affiliation_flfrm_narr_prop_3m,54455
liwc_affiliation_flfrm_narr_prop_6m,49394
liwc_affiliation_flfrm_narr_prop_12m,44424
liwc_percept_narr_ct_1m,61595
liwc_percept_narr_ct_3m,54455
liwc_percept_narr_ct_6m,49394
liwc_percept_narr_ct_12m,44424
liwc_percept_narr_prop_1m,61595
liwc_percept_narr_prop_3m,54455
liwc_percept_narr_prop_6m,49394
liwc_percept_narr_prop_12m,44424
liwc_percept_flfrm_narr_ct_1m,61595
liwc_percept_flfrm_narr_ct_3m,54455
liwc_percept_flfrm_narr_ct_6m,49394
liwc_percept_flfrm_narr_ct_12m,44424
liwc_percept_flfrm_narr_prop_1m,61595
liwc_percept_flfrm_narr_prop_3m,54455
liwc_percept_flfrm_narr_prop_6m,49394
liwc_percept_flfrm_narr_prop_12m,44424
liwc_focuspast_narr_ct_1m,61595
liwc_focuspast_narr_ct_3m,54455
liwc_focuspast_narr_ct_6m,49394
liwc_focuspast_narr_ct_12m,44424
liwc_focuspast_narr_prop_1m,61595
liwc_focuspast_narr_prop_3m,54455
liwc_focuspast_narr_prop_6m,49394
liwc_focuspast_narr_prop_12m,44424
liwc_focuspast_flfrm_narr_ct_1m,61595
liwc_focuspast_flfrm_narr_ct_3m,54455
liwc_focuspast_flfrm_narr_ct_6m,49394
liwc_focuspast_flfrm_narr_ct_12m,44424
liwc_focuspast_flfrm_narr_prop_1m,61595
liwc_focuspast_flfrm_narr_prop_3m,54455
liwc_focuspast_flfrm_narr_prop_6m,49394
liwc_focuspast_flfrm_narr_prop_12m,44424
liwc_money_narr_ct_1m,61595
liwc_money_narr_ct_3m,54455
liwc_money_narr_ct_6m,49394
liwc_money_narr_ct_12m,44424
liwc_money_narr_prop_1m,61595
liwc_money_narr_prop_3m,54455
liwc_money_narr_prop_6m,49394
liwc_money_narr_prop_12m,44424
liwc_money_flfrm_narr_ct_1m,61595
liwc_money_flfrm_narr_ct_3m,54455
liwc_money_flfrm_narr_ct_6m,49394
liwc_money_flfrm_narr_ct_12m,44424
liwc_money_flfrm_narr_prop_1m,61595
liwc_money_flfrm_narr_prop_3m,54455
liwc_money_flfrm_narr_prop_6m,49394
liwc_money_flfrm_narr_prop_12m,44424
liwc_negate_narr_ct_1m,61595
liwc_negate_narr_ct_3m,54455
liwc_negate_narr_ct_6m,49394
liwc_negate_narr_ct_12m,44424
liwc_negate_narr_prop_1m,61595
liwc_negate_narr_prop_3m,54455
liwc_negate_narr_prop_6m,49394
liwc_negate_narr_prop_12m,44424
liwc_negate_flfrm_narr_ct_1m,61595
liwc_negate_flfrm_narr_ct_3m,54455
liwc_negate_flfrm_narr_ct_6m,49394
liwc_negate_flfrm_narr_ct_12m,44424
liwc_negate_flfrm_narr_prop_1m,61595
liwc_negate_flfrm_narr_prop_3m,54455
liwc_negate_flfrm_narr_prop_6m,49394
liwc_negate_flfrm_narr_prop_12m,44424
liwc_health_narr_ct_1m,61595
liwc_health_narr_ct_3m,54455
liwc_health_narr_ct_6m,49394
liwc_health_narr_ct_12m,44424
liwc_health_narr_prop_1m,61595
liwc_health_narr_prop_3m,54455
liwc_health_narr_prop_6m,49394
liwc_health_narr_prop_12m,44424
liwc_health_flfrm_narr_ct_1m,61595
liwc_health_flfrm_narr_ct_3m,54455
liwc_health_flfrm_narr_ct_6m,49394
liwc_health_flfrm_narr_ct_12m,44424
liwc_health_flfrm_narr_prop_1m,61595
liwc_health_flfrm_narr_prop_3m,54455
liwc_health_flfrm_narr_prop_6m,49394
liwc_health_flfrm_narr_prop_12m,44424
liwc_assent_narr_ct_1m,61595
liwc_assent_narr_ct_3m,54455
liwc_assent_narr_ct_6m,49394
liwc_assent_narr_ct_12m,44424
liwc_assent_narr_prop_1m,61595
liwc_assent_narr_prop_3m,54455
liwc_assent_narr_prop_6m,49394
liwc_assent_narr_prop_12m,44424
liwc_assent_flfrm_narr_ct_1m,61595
liwc_assent_flfrm_narr_ct_3m,54455
liwc_assent_flfrm_narr_ct_6m,49394
liwc_assent_flfrm_narr_ct_12m,44424
liwc_assent_flfrm_narr_prop_1m,61595
liwc_assent_flfrm_narr_prop_3m,54455
liwc_assent_flfrm_narr_prop_6m,49394
liwc_assent_flfrm_narr_prop_12m,44424
liwc_sad_narr_ct_1m,61595
liwc_sad_narr_ct_3m,54455
liwc_sad_narr_ct_6m,49394
liwc_sad_narr_ct_12m,44424
liwc_sad_narr_prop_1m,61595
liwc_sad_narr_prop_3m,54455
liwc_sad_narr_prop_6m,49394
liwc_sad_narr_prop_12m,44424
liwc_sad_flfrm_narr_ct_1m,61595
liwc_sad_flfrm_narr_ct_3m,54455
liwc_sad_flfrm_narr_ct_6m,49394
liwc_sad_flfrm_narr_ct_12m,44424
liwc_sad_flfrm_narr_prop_1m,61595
liwc_sad_flfrm_narr_prop_3m,54455
liwc_sad_flfrm_narr_prop_6m,49394
liwc_sad_flfrm_narr_prop_12m,44424
liwc_focusfuture_narr_ct_1m,61595
liwc_focusfuture_narr_ct_3m,54455
liwc_focusfuture_narr_ct_6m,49394
liwc_focusfuture_narr_ct_12m,44424
liwc_focusfuture_narr_prop_1m,61595
liwc_focusfuture_narr_prop_3m,54455
liwc_focusfuture_narr_prop_6m,49394
liwc_focusfuture_narr_prop_12m,44424
liwc_focusfuture_flfrm_narr_ct_1m,61595
liwc_focusfuture_flfrm_narr_ct_3m,54455
liwc_focusfuture_flfrm_narr_ct_6m,49394
liwc_focusfuture_flfrm_narr_ct_12m,44424
liwc_focusfuture_flfrm_narr_prop_1m,61595
liwc_focusfuture_flfrm_narr_prop_3m,54455
liwc_focusfuture_flfrm_narr_prop_6m,49394
liwc_focusfuture_flfrm_narr_prop_12m,44424
liwc_shehe_narr_ct_1m,61595
liwc_shehe_narr_ct_3m,54455
liwc_shehe_narr_ct_6m,49394
liwc_shehe_narr_ct_12m,44424
liwc_shehe_narr_prop_1m,61595
liwc_shehe_narr_prop_3m,54455
liwc_shehe_narr_prop_6m,49394
liwc_shehe_narr_prop_12m,44424
liwc_shehe_flfrm_narr_ct_1m,61595
liwc_shehe_flfrm_narr_ct_3m,54455
liwc_shehe_flfrm_narr_ct_6m,49394
liwc_shehe_flfrm_narr_ct_12m,44424
liwc_shehe_flfrm_narr_prop_1m,61595
liwc_shehe_flfrm_narr_prop_3m,54455
liwc_shehe_flfrm_narr_prop_6m,49394
liwc_shehe_flfrm_narr_prop_12m,44424
liwc_posemo_narr_ct_1m,61595
liwc_posemo_narr_ct_3m,54455
liwc_posemo_narr_ct_6m,49394
liwc_posemo_narr_ct_12m,44424
liwc_posemo_narr_prop_1m,61595
liwc_posemo_narr_prop_3m,54455
liwc_posemo_narr_prop_6m,49394
liwc_posemo_narr_prop_12m,44424
liwc_posemo_flfrm_narr_ct_1m,61595
liwc_posemo_flfrm_narr_ct_3m,54455
liwc_posemo_flfrm_narr_ct_6m,49394
liwc_posemo_flfrm_narr_ct_12m,44424
liwc_posemo_flfrm_narr_prop_1m,61595
liwc_posemo_flfrm_narr_prop_3m,54455
liwc_posemo_flfrm_narr_prop_6m,49394
liwc_posemo_flfrm_narr_prop_12m,44424
liwc_insight_narr_ct_1m,61595
liwc_insight_narr_ct_3m,54455
liwc_insight_narr_ct_6m,49394
liwc_insight_narr_ct_12m,44424
liwc_insight_narr_prop_1m,61595
liwc_insight_narr_prop_3m,54455
liwc_insight_narr_prop_6m,49394
liwc_insight_narr_prop_12m,44424
liwc_insight_flfrm_narr_ct_1m,61595
liwc_insight_flfrm_narr_ct_3m,54455
liwc_insight_flfrm_narr_ct_6m,49394
liwc_insight_flfrm_narr_ct_12m,44424
liwc_insight_flfrm_narr_prop_1m,61595
liwc_insight_flfrm_narr_prop_3m,54455
liwc_insight_flfrm_narr_prop_6m,49394
liwc_insight_flfrm_narr_prop_12m,44424
liwc_i_narr_ct_1m,61595
liwc_i_narr_ct_3m,54455
liwc_i_narr_ct_6m,49394
liwc_i_narr_ct_12m,44424
liwc_i_narr_prop_1m,61595
liwc_i_narr_prop_3m,54455
liwc_i_narr_prop_6m,49394
liwc_i_narr_prop_12m,44424
liwc_i_flfrm_narr_ct_1m,61595
liwc_i_flfrm_narr_ct_3m,54455
liwc_i_flfrm_narr_ct_6m,49394
liwc_i_flfrm_narr_ct_12m,44424
liwc_i_flfrm_narr_prop_1m,61595
liwc_i_flfrm_narr_prop_3m,54455
liwc_i_flfrm_narr_prop_6m,49394
liwc_i_flfrm_narr_prop_12m,44424
liwc_see_narr_ct_1m,61595
liwc_see_narr_ct_3m,54455
liwc_see_narr_ct_6m,49394
liwc_see_narr_ct_12m,44424
liwc_see_narr_prop_1m,61595
liwc_see_narr_prop_3m,54455
liwc_see_narr_prop_6m,49394
liwc_see_narr_prop_12m,44424
liwc_see_flfrm_narr_ct_1m,61595
liwc_see_flfrm_narr_ct_3m,54455
liwc_see_flfrm_narr_ct_6m,49394
liwc_see_flfrm_narr_ct_12m,44424
liwc_see_flfrm_narr_prop_1m,61595
liwc_see_flfrm_narr_prop_3m,54455
liwc_see_flfrm_narr_prop_6m,49394
liwc_see_flfrm_narr_prop_12m,44424
liwc_reward_narr_ct_1m,61595
liwc_reward_narr_ct_3m,54455
liwc_reward_narr_ct_6m,49394
liwc_reward_narr_ct_12m,44424
liwc_reward_narr_prop_1m,61595
liwc_reward_narr_prop_3m,54455
liwc_reward_narr_prop_6m,49394
liwc_reward_narr_prop_12m,44424
liwc_reward_flfrm_narr_ct_1m,61595
liwc_reward_flfrm_narr_ct_3m,54455
liwc_reward_flfrm_narr_ct_6m,49394
liwc_reward_flfrm_narr_ct_12m,44424
liwc_reward_flfrm_narr_prop_1m,61595
liwc_reward_flfrm_narr_prop_3m,54455
liwc_reward_flfrm_narr_prop_6m,49394
liwc_reward_flfrm_narr_prop_12m,44424
liwc_swear_narr_ct_1m,61595
liwc_swear_narr_ct_3m,54455
liwc_swear_narr_ct_6m,49394
liwc_swear_narr_ct_12m,44424
liwc_swear_narr_prop_1m,61595
liwc_swear_narr_prop_3m,54455
liwc_swear_narr_prop_6m,49394
liwc_swear_narr_prop_12m,44424
liwc_swear_flfrm_narr_ct_1m,61595
liwc_swear_flfrm_narr_ct_3m,54455
liwc_swear_flfrm_narr_ct_6m,49394
liwc_swear_flfrm_narr_ct_12m,44424
liwc_swear_flfrm_narr_prop_1m,61595
liwc_swear_flfrm_narr_prop_3m,54455
liwc_swear_flfrm_narr_prop_6m,49394
liwc_swear_flfrm_narr_prop_12m,44424
liwc_adj_narr_ct_1m,61595
liwc_adj_narr_ct_3m,54455
liwc_adj_narr_ct_6m,49394
liwc_adj_narr_ct_12m,44424
liwc_adj_narr_prop_1m,61595
liwc_adj_narr_prop_3m,54455
liwc_adj_narr_prop_6m,49394
liwc_adj_narr_prop_12m,44424
liwc_adj_flfrm_narr_ct_1m,61595
liwc_adj_flfrm_narr_ct_3m,54455
liwc_adj_flfrm_narr_ct_6m,49394
liwc_adj_flfrm_narr_ct_12m,44424
liwc_adj_flfrm_narr_prop_1m,61595
liwc_adj_flfrm_narr_prop_3m,54455
liwc_adj_flfrm_narr_prop_6m,49394
liwc_adj_flfrm_narr_prop_12m,44424
liwc_relativ_narr_ct_1m,61595
liwc_relativ_narr_ct_3m,54455
liwc_relativ_narr_ct_6m,49394
liwc_relativ_narr_ct_12m,44424
liwc_relativ_narr_prop_1m,61595
liwc_relativ_narr_prop_3m,54455
liwc_relativ_narr_prop_6m,49394
liwc_relativ_narr_prop_12m,44424
liwc_relativ_flfrm_narr_ct_1m,61595
liwc_relativ_flfrm_narr_ct_3m,54455
liwc_relativ_flfrm_narr_ct_6m,49394
liwc_relativ_flfrm_narr_ct_12m,44424
liwc_relativ_flfrm_narr_prop_1m,61595
liwc_relativ_flfrm_narr_prop_3m,54455
liwc_relativ_flfrm_narr_prop_6m,49394
liwc_relativ_flfrm_narr_prop_12m,44424
liwc_social_narr_ct_1m,61595
liwc_social_narr_ct_3m,54455
liwc_social_narr_ct_6m,49394
liwc_social_narr_ct_12m,44424
liwc_social_narr_prop_1m,61595
liwc_social_narr_prop_3m,54455
liwc_social_narr_prop_6m,49394
liwc_social_narr_prop_12m,44424
liwc_social_flfrm_narr_ct_1m,61595
liwc_social_flfrm_narr_ct_3m,54455
liwc_social_flfrm_narr_ct_6m,49394
liwc_social_flfrm_narr_ct_12m,44424
liwc_social_flfrm_narr_prop_1m,61595
liwc_social_flfrm_narr_prop_3m,54455
liwc_social_flfrm_narr_prop_6m,49394
liwc_social_flfrm_narr_prop_12m,44424
liwc_conj_narr_ct_1m,61595
liwc_conj_narr_ct_3m,54455
liwc_conj_narr_ct_6m,49394
liwc_conj_narr_ct_12m,44424
liwc_conj_narr_prop_1m,61595
liwc_conj_narr_prop_3m,54455
liwc_conj_narr_prop_6m,49394
liwc_conj_narr_prop_12m,44424
liwc_conj_flfrm_narr_ct_1m,61595
liwc_conj_flfrm_narr_ct_3m,54455
liwc_conj_flfrm_narr_ct_6m,49394
liwc_conj_flfrm_narr_ct_12m,44424
liwc_conj_flfrm_narr_prop_1m,61595
liwc_conj_flfrm_narr_prop_3m,54455
liwc_conj_flfrm_narr_prop_6m,49394
liwc_conj_flfrm_narr_prop_12m,44424
liwc_filler_narr_ct_1m,61595
liwc_filler_narr_ct_3m,54455
liwc_filler_narr_ct_6m,49394
liwc_filler_narr_ct_12m,44424
liwc_filler_narr_prop_1m,61595
liwc_filler_narr_prop_3m,54455
liwc_filler_narr_prop_6m,49394
liwc_filler_narr_prop_12m,44424
liwc_filler_flfrm_narr_ct_1m,61595
liwc_filler_flfrm_narr_ct_3m,54455
liwc_filler_flfrm_narr_ct_6m,49394
liwc_filler_flfrm_narr_ct_12m,44424
liwc_filler_flfrm_narr_prop_1m,61595
liwc_filler_flfrm_narr_prop_3m,54455
liwc_filler_flfrm_narr_prop_6m,49394
liwc_filler_flfrm_narr_prop_12m,44424
liwc_function_narr_ct_1m,61595
liwc_function_narr_ct_3m,54455
liwc_function_narr_ct_6m,49394
liwc_function_narr_ct_12m,44424
liwc_function_narr_prop_1m,61595
liwc_function_narr_prop_3m,54455
liwc_function_narr_prop_6m,49394
liwc_function_narr_prop_12m,44424
liwc_function_flfrm_narr_ct_1m,61595
liwc_function_flfrm_narr_ct_3m,54455
liwc_function_flfrm_narr_ct_6m,49394
liwc_function_flfrm_narr_ct_12m,44424
liwc_function_flfrm_narr_prop_1m,61595
liwc_function_flfrm_narr_prop_3m,54455
liwc_function_flfrm_narr_prop_6m,49394
liwc_function_flfrm_narr_prop_12m,44424
liwc_adverb_narr_ct_1m,61595
liwc_adverb_narr_ct_3m,54455
liwc_adverb_narr_ct_6m,49394
liwc_adverb_narr_ct_12m,44424
liwc_adverb_narr_prop_1m,61595
liwc_adverb_narr_prop_3m,54455
liwc_adverb_narr_prop_6m,49394
liwc_adverb_narr_prop_12m,44424
liwc_adverb_flfrm_narr_ct_1m,61595
liwc_adverb_flfrm_narr_ct_3m,54455
liwc_adverb_flfrm_narr_ct_6m,49394
liwc_adverb_flfrm_narr_ct_12m,44424
liwc_adverb_flfrm_narr_prop_1m,61595
liwc_adverb_flfrm_narr_prop_3m,54455
liwc_adverb_flfrm_narr_prop_6m,49394
liwc_adverb_flfrm_narr_prop_12m,44424
liwc_negemo_narr_ct_1m,61595
liwc_negemo_narr_ct_3m,54455
liwc_negemo_narr_ct_6m,49394
liwc_negemo_narr_ct_12m,44424
liwc_negemo_narr_prop_1m,61595
liwc_negemo_narr_prop_3m,54455
liwc_negemo_narr_prop_6m,49394
liwc_negemo_narr_prop_12m,44424
liwc_negemo_flfrm_narr_ct_1m,61595
liwc_negemo_flfrm_narr_ct_3m,54455
liwc_negemo_flfrm_narr_ct_6m,49394
liwc_negemo_flfrm_narr_ct_12m,44424
liwc_negemo_flfrm_narr_prop_1m,61595
liwc_negemo_flfrm_narr_prop_3m,54455
liwc_negemo_flfrm_narr_prop_6m,49394
liwc_negemo_flfrm_narr_prop_12m,44424
liwc_differ_narr_ct_1m,61595
liwc_differ_narr_ct_3m,54455
liwc_differ_narr_ct_6m,49394
liwc_differ_narr_ct_12m,44424
liwc_differ_narr_prop_1m,61595
liwc_differ_narr_prop_3m,54455
liwc_differ_narr_prop_6m,49394
liwc_differ_narr_prop_12m,44424
liwc_differ_flfrm_narr_ct_1m,61595
liwc_differ_flfrm_narr_ct_3m,54455
liwc_differ_flfrm_narr_ct_6m,49394
liwc_differ_flfrm_narr_ct_12m,44424
liwc_differ_flfrm_narr_prop_1m,61595
liwc_differ_flfrm_narr_prop_3m,54455
liwc_differ_flfrm_narr_prop_6m,49394
liwc_differ_flfrm_narr_prop_12m,44424
liwc_friend_narr_ct_1m,61595
liwc_friend_narr_ct_3m,54455
liwc_friend_narr_ct_6m,49394
liwc_friend_narr_ct_12m,44424
liwc_friend_narr_prop_1m,61595
liwc_friend_narr_prop_3m,54455
liwc_friend_narr_prop_6m,49394
liwc_friend_narr_prop_12m,44424
liwc_friend_flfrm_narr_ct_1m,61595
liwc_friend_flfrm_narr_ct_3m,54455
liwc_friend_flfrm_narr_ct_6m,49394
liwc_friend_flfrm_narr_ct_12m,44424
liwc_friend_flfrm_narr_prop_1m,61595
liwc_friend_flfrm_narr_prop_3m,54455
liwc_friend_flfrm_narr_prop_6m,49394
liwc_friend_flfrm_narr_prop_12m,44424
liwc_you_narr_ct_1m,61595
liwc_you_narr_ct_3m,54455
liwc_you_narr_ct_6m,49394
liwc_you_narr_ct_12m,44424
liwc_you_narr_prop_1m,61595
liwc_you_narr_prop_3m,54455
liwc_you_narr_prop_6m,49394
liwc_you_narr_prop_12m,44424
liwc_you_flfrm_narr_ct_1m,61595
liwc_you_flfrm_narr_ct_3m,54455
liwc_you_flfrm_narr_ct_6m,49394
liwc_you_flfrm_narr_ct_12m,44424
liwc_you_flfrm_narr_prop_1m,61595
liwc_you_flfrm_narr_prop_3m,54455
liwc_you_flfrm_narr_prop_6m,49394
liwc_you_flfrm_narr_prop_12m,44424
liwc_anger_narr_ct_1m,61595
liwc_anger_narr_ct_3m,54455
liwc_anger_narr_ct_6m,49394
liwc_anger_narr_ct_12m,44424
liwc_anger_narr_prop_1m,61595
liwc_anger_narr_prop_3m,54455
liwc_anger_narr_prop_6m,49394
liwc_anger_narr_prop_12m,44424
liwc_anger_flfrm_narr_ct_1m,61595
liwc_anger_flfrm_narr_ct_3m,54455
liwc_anger_flfrm_narr_ct_6m,49394
liwc_anger_flfrm_narr_ct_12m,44424
liwc_anger_flfrm_narr_prop_1m,61595
liwc_anger_flfrm_narr_prop_3m,54455
liwc_anger_flfrm_narr_prop_6m,49394
liwc_anger_flfrm_narr_prop_12m,44424
liwc_netspeak_narr_ct_1m,61595
liwc_netspeak_narr_ct_3m,54455
liwc_netspeak_narr_ct_6m,49394
liwc_netspeak_narr_ct_12m,44424
liwc_netspeak_narr_prop_1m,61595
liwc_netspeak_narr_prop_3m,54455
liwc_netspeak_narr_prop_6m,49394
liwc_netspeak_narr_prop_12m,44424
liwc_netspeak_flfrm_narr_ct_1m,61595
liwc_netspeak_flfrm_narr_ct_3m,54455
liwc_netspeak_flfrm_narr_ct_6m,49394
liwc_netspeak_flfrm_narr_ct_12m,44424
liwc_netspeak_flfrm_narr_prop_1m,61595
liwc_netspeak_flfrm_narr_prop_3m,54455
liwc_netspeak_flfrm_narr_prop_6m,49394
liwc_netspeak_flfrm_narr_prop_12m,44424
liwc_they_narr_ct_1m,61595
liwc_they_narr_ct_3m,54455
liwc_they_narr_ct_6m,49394
liwc_they_narr_ct_12m,44424
liwc_they_narr_prop_1m,61595
liwc_they_narr_prop_3m,54455
liwc_they_narr_prop_6m,49394
liwc_they_narr_prop_12m,44424
liwc_they_flfrm_narr_ct_1m,61595
liwc_they_flfrm_narr_ct_3m,54455
liwc_they_flfrm_narr_ct_6m,49394
liwc_they_flfrm_narr_ct_12m,44424
liwc_they_flfrm_narr_prop_1m,61595
liwc_they_flfrm_narr_prop_3m,54455
liwc_they_flfrm_narr_prop_6m,49394
liwc_they_flfrm_narr_prop_12m,44424
liwc_cogproc_narr_ct_1m,61595
liwc_cogproc_narr_ct_3m,54455
liwc_cogproc_narr_ct_6m,49394
liwc_cogproc_narr_ct_12m,44424
liwc_cogproc_narr_prop_1m,61595
liwc_cogproc_narr_prop_3m,54455
liwc_cogproc_narr_prop_6m,49394
liwc_cogproc_narr_prop_12m,44424
liwc_cogproc_flfrm_narr_ct_1m,61595
liwc_cogproc_flfrm_narr_ct_3m,54455
liwc_cogproc_flfrm_narr_ct_6m,49394
liwc_cogproc_flfrm_narr_ct_12m,44424
liwc_cogproc_flfrm_narr_prop_1m,61595
liwc_cogproc_flfrm_narr_prop_3m,54455
liwc_cogproc_flfrm_narr_prop_6m,49394
liwc_cogproc_flfrm_narr_prop_12m,44424
liwc_informal_narr_ct_1m,61595
liwc_informal_narr_ct_3m,54455
liwc_informal_narr_ct_6m,49394
liwc_informal_narr_ct_12m,44424
liwc_informal_narr_prop_1m,61595
liwc_informal_narr_prop_3m,54455
liwc_informal_narr_prop_6m,49394
liwc_informal_narr_prop_12m,44424
liwc_informal_flfrm_narr_ct_1m,61595
liwc_informal_flfrm_narr_ct_3m,54455
liwc_informal_flfrm_narr_ct_6m,49394
liwc_informal_flfrm_narr_ct_12m,44424
liwc_informal_flfrm_narr_prop_1m,61595
liwc_informal_flfrm_narr_prop_3m,54455
liwc_informal_flfrm_narr_prop_6m,49394
liwc_informal_flfrm_narr_prop_12m,44424
liwc_body_narr_ct_1m,61595
liwc_body_narr_ct_3m,54455
liwc_body_narr_ct_6m,49394
liwc_body_narr_ct_12m,44424
liwc_body_narr_prop_1m,61595
liwc_body_narr_prop_3m,54455
liwc_body_narr_prop_6m,49394
liwc_body_narr_prop_12m,44424
liwc_body_flfrm_narr_ct_1m,61595
liwc_body_flfrm_narr_ct_3m,54455
liwc_body_flfrm_narr_ct_6m,49394
liwc_body_flfrm_narr_ct_12m,44424
liwc_body_flfrm_narr_prop_1m,61595
liwc_body_flfrm_narr_prop_3m,54455
liwc_body_flfrm_narr_prop_6m,49394
liwc_body_flfrm_narr_prop_12m,44424
liwc_time_narr_ct_1m,61595
liwc_time_narr_ct_3m,54455
liwc_time_narr_ct_6m,49394
liwc_time_narr_ct_12m,44424
liwc_time_narr_prop_1m,61595
liwc_time_narr_prop_3m,54455
liwc_time_narr_prop_6m,49394
liwc_time_narr_prop_12m,44424
liwc_time_flfrm_narr_ct_1m,61595
liwc_time_flfrm_narr_ct_3m,54455
liwc_time_flfrm_narr_ct_6m,49394
liwc_time_flfrm_narr_ct_12m,44424
liwc_time_flfrm_narr_prop_1m,61595
liwc_time_flfrm_narr_prop_3m,54455
liwc_time_flfrm_narr_prop_6m,49394
liwc_time_flfrm_narr_prop_12m,44424
liwc_affect_narr_ct_1m,61595
liwc_affect_narr_ct_3m,54455
liwc_affect_narr_ct_6m,49394
liwc_affect_narr_ct_12m,44424
liwc_affect_narr_prop_1m,61595
liwc_affect_narr_prop_3m,54455
liwc_affect_narr_prop_6m,49394
liwc_affect_narr_prop_12m,44424
liwc_affect_flfrm_narr_ct_1m,61595
liwc_affect_flfrm_narr_ct_3m,54455
liwc_affect_flfrm_narr_ct_6m,49394
liwc_affect_flfrm_narr_ct_12m,44424
liwc_affect_flfrm_narr_prop_1m,61595
liwc_affect_flfrm_narr_prop_3m,54455
liwc_affect_flfrm_narr_prop_6m,49394
liwc_affect_flfrm_narr_prop_12m,44424
liwc_interrog_narr_ct_1m,61595
liwc_interrog_narr_ct_3m,54455
liwc_interrog_narr_ct_6m,49394
liwc_interrog_narr_ct_12m,44424
liwc_interrog_narr_prop_1m,61595
liwc_interrog_narr_prop_3m,54455
liwc_interrog_narr_prop_6m,49394
liwc_interrog_narr_prop_12m,44424
liwc_interrog_flfrm_narr_ct_1m,61595
liwc_interrog_flfrm_narr_ct_3m,54455
liwc_interrog_flfrm_narr_ct_6m,49394
liwc_interrog_flfrm_narr_ct_12m,44424
liwc_interrog_flfrm_narr_prop_1m,61595
liwc_interrog_flfrm_narr_prop_3m,54455
liwc_interrog_flfrm_narr_prop_6m,49394
liwc_interrog_flfrm_narr_prop_12m,44424
liwc_motion_narr_ct_1m,61595
liwc_motion_narr_ct_3m,54455
liwc_motion_narr_ct_6m,49394
liwc_motion_narr_ct_12m,44424
liwc_motion_narr_prop_1m,61595
liwc_motion_narr_prop_3m,54455
liwc_motion_narr_prop_6m,49394
liwc_motion_narr_prop_12m,44424
liwc_motion_flfrm_narr_ct_1m,61595
liwc_motion_flfrm_narr_ct_3m,54455
liwc_motion_flfrm_narr_ct_6m,49394
liwc_motion_flfrm_narr_ct_12m,44424
liwc_motion_flfrm_narr_prop_1m,61595
liwc_motion_flfrm_narr_prop_3m,54455
liwc_motion_flfrm_narr_prop_6m,49394
liwc_motion_flfrm_narr_prop_12m,44424
liwc_family_narr_ct_1m,61595
liwc_family_narr_ct_3m,54455
liwc_family_narr_ct_6m,49394
liwc_family_narr_ct_12m,44424
liwc_family_narr_prop_1m,61595
liwc_family_narr_prop_3m,54455
liwc_family_narr_prop_6m,49394
liwc_family_narr_prop_12m,44424
liwc_family_flfrm_narr_ct_1m,61595
liwc_family_flfrm_narr_ct_3m,54455
liwc_family_flfrm_narr_ct_6m,49394
liwc_family_flfrm_narr_ct_12m,44424
liwc_family_flfrm_narr_prop_1m,61595
liwc_family_flfrm_narr_prop_3m,54455
liwc_family_flfrm_narr_prop_6m,49394
liwc_family_flfrm_narr_prop_12m,44424
liwc_sexual_narr_ct_1m,61595
liwc_sexual_narr_ct_3m,54455
liwc_sexual_narr_ct_6m,49394
liwc_sexual_narr_ct_12m,44424
liwc_sexual_narr_prop_1m,61595
liwc_sexual_narr_prop_3m,54455
liwc_sexual_narr_prop_6m,49394
liwc_sexual_narr_prop_12m,44424
liwc_sexual_flfrm_narr_ct_1m,61595
liwc_sexual_flfrm_narr_ct_3m,54455
liwc_sexual_flfrm_narr_ct_6m,49394
liwc_sexual_flfrm_narr_ct_12m,44424
liwc_sexual_flfrm_narr_prop_1m,61595
liwc_sexual_flfrm_narr_prop_3m,54455
liwc_sexual_flfrm_narr_prop_6m,49394
liwc_sexual_flfrm_narr_prop_12m,44424
liwc_verb_narr_ct_1m,61595
liwc_verb_narr_ct_3m,54455
liwc_verb_narr_ct_6m,49394
liwc_verb_narr_ct_12m,44424
liwc_verb_narr_prop_1m,61595
liwc_verb_narr_prop_3m,54455
liwc_verb_narr_prop_6m,49394
liwc_verb_narr_prop_12m,44424
liwc_verb_flfrm_narr_ct_1m,61595
liwc_verb_flfrm_narr_ct_3m,54455
liwc_verb_flfrm_narr_ct_6m,49394
liwc_verb_flfrm_narr_ct_12m,44424
liwc_verb_flfrm_narr_prop_1m,61595
liwc_verb_flfrm_narr_prop_3m,54455
liwc_verb_flfrm_narr_prop_6m,49394
liwc_verb_flfrm_narr_prop_12m,44424
liwc_number_narr_ct_1m,61595
liwc_number_narr_ct_3m,54455
liwc_number_narr_ct_6m,49394
liwc_number_narr_ct_12m,44424
liwc_number_narr_prop_1m,61595
liwc_number_narr_prop_3m,54455
liwc_number_narr_prop_6m,49394
liwc_number_narr_prop_12m,44424
liwc_number_flfrm_narr_ct_1m,61595
liwc_number_flfrm_narr_ct_3m,54455
liwc_number_flfrm_narr_ct_6m,49394
liwc_number_flfrm_narr_ct_12m,44424
liwc_number_flfrm_narr_prop_1m,61595
liwc_number_flfrm_narr_prop_3m,54455
liwc_number_flfrm_narr_prop_6m,49394
liwc_number_flfrm_narr_prop_12m,44424
liwc_home_narr_ct_1m,61595
liwc_home_narr_ct_3m,54455
liwc_home_narr_ct_6m,49394
liwc_home_narr_ct_12m,44424
liwc_home_narr_prop_1m,61595
liwc_home_narr_prop_3m,54455
liwc_home_narr_prop_6m,49394
liwc_home_narr_prop_12m,44424
liwc_home_flfrm_narr_ct_1m,61595
liwc_home_flfrm_narr_ct_3m,54455
liwc_home_flfrm_narr_ct_6m,49394
liwc_home_flfrm_narr_ct_12m,44424
liwc_home_flfrm_narr_prop_1m,61595
liwc_home_flfrm_narr_prop_3m,54455
liwc_home_flfrm_narr_prop_6m,49394
liwc_home_flfrm_narr_prop_12m,44424
liwc_we_narr_ct_1m,61595
liwc_we_narr_ct_3m,54455
liwc_we_narr_ct_6m,49394
liwc_we_narr_ct_12m,44424
liwc_we_narr_prop_1m,61595
liwc_we_narr_prop_3m,54455
liwc_we_narr_prop_6m,49394
liwc_we_narr_prop_12m,44424
liwc_we_flfrm_narr_ct_1m,61595
liwc_we_flfrm_narr_ct_3m,54455
liwc_we_flfrm_narr_ct_6m,49394
liwc_we_flfrm_narr_ct_12m,44424
liwc_we_flfrm_narr_prop_1m,61595
liwc_we_flfrm_narr_prop_3m,54455
liwc_we_flfrm_narr_prop_6m,49394
liwc_we_flfrm_narr_prop_12m,44424
liwc_ppron_narr_ct_1m,61595
liwc_ppron_narr_ct_3m,54455
liwc_ppron_narr_ct_6m,49394
liwc_ppron_narr_ct_12m,44424
liwc_ppron_narr_prop_1m,61595
liwc_ppron_narr_prop_3m,54455
liwc_ppron_narr_prop_6m,49394
liwc_ppron_narr_prop_12m,44424
liwc_ppron_flfrm_narr_ct_1m,61595
liwc_ppron_flfrm_narr_ct_3m,54455
liwc_ppron_flfrm_narr_ct_6m,49394
liwc_ppron_flfrm_narr_ct_12m,44424
liwc_ppron_flfrm_narr_prop_1m,61595
liwc_ppron_flfrm_narr_prop_3m,54455
liwc_ppron_flfrm_narr_prop_6m,49394
liwc_ppron_flfrm_narr_prop_12m,44424
liwc_male_narr_ct_1m,61595
liwc_male_narr_ct_3m,54455
liwc_male_narr_ct_6m,49394
liwc_male_narr_ct_12m,44424
liwc_male_narr_prop_1m,61595
liwc_male_narr_prop_3m,54455
liwc_male_narr_prop_6m,49394
liwc_male_narr_prop_12m,44424
liwc_male_flfrm_narr_ct_1m,61595
liwc_male_flfrm_narr_ct_3m,54455
liwc_male_flfrm_narr_ct_6m,49394
liwc_male_flfrm_narr_ct_12m,44424
liwc_male_flfrm_narr_prop_1m,61595
liwc_male_flfrm_narr_prop_3m,54455
liwc_male_flfrm_narr_prop_6m,49394
liwc_male_flfrm_narr_prop_12m,44424
liwc_cause_narr_ct_1m,61595
liwc_cause_narr_ct_3m,54455
liwc_cause_narr_ct_6m,49394
liwc_cause_narr_ct_12m,44424
liwc_cause_narr_prop_1m,61595
liwc_cause_narr_prop_3m,54455
liwc_cause_narr_prop_6m,49394
liwc_cause_narr_prop_12m,44424
liwc_cause_flfrm_narr_ct_1m,61595
liwc_cause_flfrm_narr_ct_3m,54455
liwc_cause_flfrm_narr_ct_6m,49394
liwc_cause_flfrm_narr_ct_12m,44424
liwc_cause_flfrm_narr_prop_1m,61595
liwc_cause_flfrm_narr_prop_3m,54455
liwc_cause_flfrm_narr_prop_6m,49394
liwc_cause_flfrm_narr_prop_12m,44424
liwc_tentat_narr_ct_1m,61595
liwc_tentat_narr_ct_3m,54455
liwc_tentat_narr_ct_6m,49394
liwc_tentat_narr_ct_12m,44424
liwc_tentat_narr_prop_1m,61595
liwc_tentat_narr_prop_3m,54455
liwc_tentat_narr_prop_6m,49394
liwc_tentat_narr_prop_12m,44424
liwc_tentat_flfrm_narr_ct_1m,61595
liwc_tentat_flfrm_narr_ct_3m,54455
liwc_tentat_flfrm_narr_ct_6m,49394
liwc_tentat_flfrm_narr_ct_12m,44424
liwc_tentat_flfrm_narr_prop_1m,61595
liwc_tentat_flfrm_narr_prop_3m,54455
liwc_tentat_flfrm_narr_prop_6m,49394
liwc_tentat_flfrm_narr_prop_12m,44424
liwc_space_narr_ct_1m,61595
liwc_space_narr_ct_3m,54455
liwc_space_narr_ct_6m,49394
liwc_space_narr_ct_12m,44424
liwc_space_narr_prop_1m,61595
liwc_space_narr_prop_3m,54455
liwc_space_narr_prop_6m,49394
liwc_space_narr_prop_12m,44424
liwc_space_flfrm_narr_ct_1m,61595
liwc_space_flfrm_narr_ct_3m,54455
liwc_space_flfrm_narr_ct_6m,49394
liwc_space_flfrm_narr_ct_12m,44424
liwc_space_flfrm_narr_prop_1m,61595
liwc_space_flfrm_narr_prop_3m,54455
liwc_space_flfrm_narr_prop_6m,49394
liwc_space_flfrm_narr_prop_12m,44424
liwc_relig_narr_ct_1m,61595
liwc_relig_narr_ct_3m,54455
liwc_relig_narr_ct_6m,49394
liwc_relig_narr_ct_12m,44424
liwc_relig_narr_prop_1m,61595
liwc_relig_narr_prop_3m,54455
liwc_relig_narr_prop_6m,49394
liwc_relig_narr_prop_12m,44424
liwc_relig_flfrm_narr_ct_1m,61595
liwc_relig_flfrm_narr_ct_3m,54455
liwc_relig_flfrm_narr_ct_6m,49394
liwc_relig_flfrm_narr_ct_12m,44424
liwc_relig_flfrm_narr_prop_1m,61595
liwc_relig_flfrm_narr_prop_3m,54455
liwc_relig_flfrm_narr_prop_6m,49394
liwc_relig_flfrm_narr_prop_12m,44424
liwc_drives_narr_ct_1m,61595
liwc_drives_narr_ct_3m,54455
liwc_drives_narr_ct_6m,49394
liwc_drives_narr_ct_12m,44424
liwc_drives_narr_prop_1m,61595
liwc_drives_narr_prop_3m,54455
liwc_drives_narr_prop_6m,49394
liwc_drives_narr_prop_12m,44424
liwc_drives_flfrm_narr_ct_1m,61595
liwc_drives_flfrm_narr_ct_3m,54455
liwc_drives_flfrm_narr_ct_6m,49394
liwc_drives_flfrm_narr_ct_12m,44424
liwc_drives_flfrm_narr_prop_1m,61595
liwc_drives_flfrm_narr_prop_3m,54455
liwc_drives_flfrm_narr_prop_6m,49394
liwc_drives_flfrm_narr_prop_12m,44424
liwc_hear_narr_ct_1m,61595
liwc_hear_narr_ct_3m,54455
liwc_hear_narr_ct_6m,49394
liwc_hear_narr_ct_12m,44424
liwc_hear_narr_prop_1m,61595
liwc_hear_narr_prop_3m,54455
liwc_hear_narr_prop_6m,49394
liwc_hear_narr_prop_12m,44424
liwc_hear_flfrm_narr_ct_1m,61595
liwc_hear_flfrm_narr_ct_3m,54455
liwc_hear_flfrm_narr_ct_6m,49394
liwc_hear_flfrm_narr_ct_12m,44424
liwc_hear_flfrm_narr_prop_1m,61595
liwc_hear_flfrm_narr_prop_3m,54455
liwc_hear_flfrm_narr_prop_6m,49394
liwc_hear_flfrm_narr_prop_12m,44424
liwc_nonflu_narr_ct_1m,61595
liwc_nonflu_narr_ct_3m,54455
liwc_nonflu_narr_ct_6m,49394
liwc_nonflu_narr_ct_12m,44424
liwc_nonflu_narr_prop_1m,61595
liwc_nonflu_narr_prop_3m,54455
liwc_nonflu_narr_prop_6m,49394
liwc_nonflu_narr_prop_12m,44424
liwc_nonflu_flfrm_narr_ct_1m,61595
liwc_nonflu_flfrm_narr_ct_3m,54455
liwc_nonflu_flfrm_narr_ct_6m,49394
liwc_nonflu_flfrm_narr_ct_12m,44424
liwc_nonflu_flfrm_narr_prop_1m,61595
liwc_nonflu_flfrm_narr_prop_3m,54455
liwc_nonflu_flfrm_narr_prop_6m,49394
liwc_nonflu_flfrm_narr_prop_12m,44424
liwc_death_narr_ct_1m,61595
liwc_death_narr_ct_3m,54455
liwc_death_narr_ct_6m,49394
liwc_death_narr_ct_12m,44424
liwc_death_narr_prop_1m,61595
liwc_death_narr_prop_3m,54455
liwc_death_narr_prop_6m,49394
liwc_death_narr_prop_12m,44424
liwc_death_flfrm_narr_ct_1m,61595
liwc_death_flfrm_narr_ct_3m,54455
liwc_death_flfrm_narr_ct_6m,49394
liwc_death_flfrm_narr_ct_12m,44424
liwc_death_flfrm_narr_prop_1m,61595
liwc_death_flfrm_narr_prop_3m,54455
liwc_death_flfrm_narr_prop_6m,49394
liwc_death_flfrm_narr_prop_12m,44424
liwc_bio_narr_ct_1m,61595
liwc_bio_narr_ct_3m,54455
liwc_bio_narr_ct_6m,49394
liwc_bio_narr_ct_12m,44424
liwc_bio_narr_prop_1m,61595
liwc_bio_narr_prop_3m,54455
liwc_bio_narr_prop_6m,49394
liwc_bio_narr_prop_12m,44424
liwc_bio_flfrm_narr_ct_1m,61595
liwc_bio_flfrm_narr_ct_3m,54455
liwc_bio_flfrm_narr_ct_6m,49394
liwc_bio_flfrm_narr_ct_12m,44424
liwc_bio_flfrm_narr_prop_1m,61595
liwc_bio_flfrm_narr_prop_3m,54455
liwc_bio_flfrm_narr_prop_6m,49394
liwc_bio_flfrm_narr_prop_12m,44424
liwc_article_narr_ct_1m,61595
liwc_article_narr_ct_3m,54455
liwc_article_narr_ct_6m,49394
liwc_article_narr_ct_12m,44424
liwc_article_narr_prop_1m,61595
liwc_article_narr_prop_3m,54455
liwc_article_narr_prop_6m,49394
liwc_article_narr_prop_12m,44424
liwc_article_flfrm_narr_ct_1m,61595
liwc_article_flfrm_narr_ct_3m,54455
liwc_article_flfrm_narr_ct_6m,49394
liwc_article_flfrm_narr_ct_12m,44424
liwc_article_flfrm_narr_prop_1m,61595
liwc_article_flfrm_narr_prop_3m,54455
liwc_article_flfrm_narr_prop_6m,49394
liwc_article_flfrm_narr_prop_12m,44424
liwc_achieve_narr_ct_1m,61595
liwc_achieve_narr_ct_3m,54455
liwc_achieve_narr_ct_6m,49394
liwc_achieve_narr_ct_12m,44424
liwc_achieve_narr_prop_1m,61595
liwc_achieve_narr_prop_3m,54455
liwc_achieve_narr_prop_6m,49394
liwc_achieve_narr_prop_12m,44424
liwc_achieve_flfrm_narr_ct_1m,61595
liwc_achieve_flfrm_narr_ct_3m,54455
liwc_achieve_flfrm_narr_ct_6m,49394
liwc_achieve_flfrm_narr_ct_12m,44424
liwc_achieve_flfrm_narr_prop_1m,61595
liwc_achieve_flfrm_narr_prop_3m,54455
liwc_achieve_flfrm_narr_prop_6m,49394
liwc_achieve_flfrm_narr_prop_12m,44424
liwc_prep_narr_ct_1m,61595
liwc_prep_narr_ct_3m,54455
liwc_prep_narr_ct_6m,49394
liwc_prep_narr_ct_12m,44424
liwc_prep_narr_prop_1m,61595
liwc_prep_narr_prop_3m,54455
liwc_prep_narr_prop_6m,49394
liwc_prep_narr_prop_12m,44424
liwc_prep_flfrm_narr_ct_1m,61595
liwc_prep_flfrm_narr_ct_3m,54455
liwc_prep_flfrm_narr_ct_6m,49394
liwc_prep_flfrm_narr_ct_12m,44424
liwc_prep_flfrm_narr_prop_1m,61595
liwc_prep_flfrm_narr_prop_3m,54455
liwc_prep_flfrm_narr_prop_6m,49394
liwc_prep_flfrm_narr_prop_12m,44424
liwc_feel_narr_ct_1m,61595
liwc_feel_narr_ct_3m,54455
liwc_feel_narr_ct_6m,49394
liwc_feel_narr_ct_12m,44424
liwc_feel_narr_prop_1m,61595
liwc_feel_narr_prop_3m,54455
liwc_feel_narr_prop_6m,49394
liwc_feel_narr_prop_12m,44424
liwc_feel_flfrm_narr_ct_1m,61595
liwc_feel_flfrm_narr_ct_3m,54455
liwc_feel_flfrm_narr_ct_6m,49394
liwc_feel_flfrm_narr_ct_12m,44424
liwc_feel_flfrm_narr_prop_1m,61595
liwc_feel_flfrm_narr_prop_3m,54455
liwc_feel_flfrm_narr_prop_6m,49394
liwc_feel_flfrm_narr_prop_12m,44424
liwc_ingest_narr_ct_1m,61595
liwc_ingest_narr_ct_3m,54455
liwc_ingest_narr_ct_6m,49394
liwc_ingest_narr_ct_12m,44424
liwc_ingest_narr_prop_1m,61595
liwc_ingest_narr_prop_3m,54455
liwc_ingest_narr_prop_6m,49394
liwc_ingest_narr_prop_12m,44424
liwc_ingest_flfrm_narr_ct_1m,61595
liwc_ingest_flfrm_narr_ct_3m,54455
liwc_ingest_flfrm_narr_ct_6m,49394
liwc_ingest_flfrm_narr_ct_12m,44424
liwc_ingest_flfrm_narr_prop_1m,61595
liwc_ingest_flfrm_narr_prop_3m,54455
liwc_ingest_flfrm_narr_prop_6m,49394
liwc_ingest_flfrm_narr_prop_12m,44424
liwc_certain_narr_ct_1m,61595
liwc_certain_narr_ct_3m,54455
liwc_certain_narr_ct_6m,49394
liwc_certain_narr_ct_12m,44424
liwc_certain_narr_prop_1m,61595
liwc_certain_narr_prop_3m,54455
liwc_certain_narr_prop_6m,49394
liwc_certain_narr_prop_12m,44424
liwc_certain_flfrm_narr_ct_1m,61595
liwc_certain_flfrm_narr_ct_3m,54455
liwc_certain_flfrm_narr_ct_6m,49394
liwc_certain_flfrm_narr_ct_12m,44424
liwc_certain_flfrm_narr_prop_1m,61595
liwc_certain_flfrm_narr_prop_3m,54455
liwc_certain_flfrm_narr_prop_6m,49394
liwc_certain_flfrm_narr_prop_12m,44424
liwc_focuspresent_narr_ct_1m,61595
liwc_focuspresent_narr_ct_3m,54455
liwc_focuspresent_narr_ct_6m,49394
liwc_focuspresent_narr_ct_12m,44424
liwc_focuspresent_narr_prop_1m,61595
liwc_focuspresent_narr_prop_3m,54455
liwc_focuspresent_narr_prop_6m,49394
liwc_focuspresent_narr_prop_12m,44424
liwc_focuspresent_flfrm_narr_ct_1m,61595
liwc_focuspresent_flfrm_narr_ct_3m,54455
liwc_focuspresent_flfrm_narr_ct_6m,49394
liwc_focuspresent_flfrm_narr_ct_12m,44424
liwc_focuspresent_flfrm_narr_prop_1m,61595
liwc_focuspresent_flfrm_narr_prop_3m,54455
liwc_focuspresent_flfrm_narr_prop_6m,49394
liwc_focuspresent_flfrm_narr_prop_12m,44424
liwc_leisure_narr_ct_1m,61595
liwc_leisure_narr_ct_3m,54455
liwc_leisure_narr_ct_6m,49394
liwc_leisure_narr_ct_12m,44424
liwc_leisure_narr_prop_1m,61595
liwc_leisure_narr_prop_3m,54455
liwc_leisure_narr_prop_6m,49394
liwc_leisure_narr_prop_12m,44424
liwc_leisure_flfrm_narr_ct_1m,61595
liwc_leisure_flfrm_narr_ct_3m,54455
liwc_leisure_flfrm_narr_ct_6m,49394
liwc_leisure_flfrm_narr_ct_12m,44424
liwc_leisure_flfrm_narr_prop_1m,61595
liwc_leisure_flfrm_narr_prop_3m,54455
liwc_leisure_flfrm_narr_prop_6m,49394
liwc_leisure_flfrm_narr_prop_12m,44424
liwc_pronoun_narr_ct_1m,61595
liwc_pronoun_narr_ct_3m,54455
liwc_pronoun_narr_ct_6m,49394
liwc_pronoun_narr_ct_12m,44424
liwc_pronoun_narr_prop_1m,61595
liwc_pronoun_narr_prop_3m,54455
liwc_pronoun_narr_prop_6m,49394
liwc_pronoun_narr_prop_12m,44424
liwc_pronoun_flfrm_narr_ct_1m,61595
liwc_pronoun_flfrm_narr_ct_3m,54455
liwc_pronoun_flfrm_narr_ct_6m,49394
liwc_pronoun_flfrm_narr_ct_12m,44424
liwc_pronoun_flfrm_narr_prop_1m,61595
liwc_pronoun_flfrm_narr_prop_3m,54455
liwc_pronoun_flfrm_narr_prop_6m,49394
liwc_pronoun_flfrm_narr_prop_12m,44424
liwc_quant_narr_ct_1m,61595
liwc_quant_narr_ct_3m,54455
liwc_quant_narr_ct_6m,49394
liwc_quant_narr_ct_12m,44424
liwc_quant_narr_prop_1m,61595
liwc_quant_narr_prop_3m,54455
liwc_quant_narr_prop_6m,49394
liwc_quant_narr_prop_12m,44424
liwc_quant_flfrm_narr_ct_1m,61595
liwc_quant_flfrm_narr_ct_3m,54455
liwc_quant_flfrm_narr_ct_6m,49394
liwc_quant_flfrm_narr_ct_12m,44424
liwc_quant_flfrm_narr_prop_1m,61595
liwc_quant_flfrm_narr_prop_3m,54455
liwc_quant_flfrm_narr_prop_6m,49394
liwc_quant_flfrm_narr_prop_12m,44424
liwc_auxverb_narr_ct_1m,61595
liwc_auxverb_narr_ct_3m,54455
liwc_auxverb_narr_ct_6m,49394
liwc_auxverb_narr_ct_12m,44424
liwc_auxverb_narr_prop_1m,61595
liwc_auxverb_narr_prop_3m,54455
liwc_auxverb_narr_prop_6m,49394
liwc_auxverb_narr_prop_12m,44424
liwc_auxverb_flfrm_narr_ct_1m,61595
liwc_auxverb_flfrm_narr_ct_3m,54455
liwc_auxverb_flfrm_narr_ct_6m,49394
liwc_auxverb_flfrm_narr_ct_12m,44424
liwc_auxverb_flfrm_narr_prop_1m,61595
liwc_auxverb_flfrm_narr_prop_3m,54455
liwc_auxverb_flfrm_narr_prop_6m,49394
liwc_auxverb_flfrm_narr_prop_12m,44424
liwc_anx_narr_ct_1m,61595
liwc_anx_narr_ct_3m,54455
liwc_anx_narr_ct_6m,49394
liwc_anx_narr_ct_12m,44424
liwc_anx_narr_prop_1m,61595
liwc_anx_narr_prop_3m,54455
liwc_anx_narr_prop_6m,49394
liwc_anx_narr_prop_12m,44424
liwc_anx_flfrm_narr_ct_1m,61595
liwc_anx_flfrm_narr_ct_3m,54455
liwc_anx_flfrm_narr_ct_6m,49394
liwc_anx_flfrm_narr_ct_12m,44424
liwc_anx_flfrm_narr_prop_1m,61595
liwc_anx_flfrm_narr_prop_3m,54455
liwc_anx_flfrm_narr_prop_6m,49394
liwc_anx_flfrm_narr_prop_12m,44424
tracon_ident_ct_1m,61595
center_ident_ct_1m,61595
tower_ident_ct_1m,61595
ground_ident_ct_1m,61595
ctaf_ident_ct_1m,61595
ramp_ident_ct_1m,61595
unicom_ident_ct_1m,61595
fss_ident_ct_1m,61595
military_facility_ident_ct_1m,61595
tracon_ident_ct_3m,54455
center_ident_ct_3m,54455
tower_ident_ct_3m,54455
ground_ident_ct_3m,54455
ctaf_ident_ct_3m,54455
ramp_ident_ct_3m,54455
unicom_ident_ct_3m,54455
fss_ident_ct_3m,54455
military_facility_ident_ct_3m,54455
tracon_ident_ct_6m,49394
center_ident_ct_6m,49394
tower_ident_ct_6m,49394
ground_ident_ct_6m,49394
ctaf_ident_ct_6m,49394
ramp_ident_ct_6m,49394
unicom_ident_ct_6m,49394
fss_ident_ct_6m,49394
military_facility_ident_ct_6m,49394
tracon_ident_ct_12m,44424
center_ident_ct_12m,44424
tower_ident_ct_12m,44424
ground_ident_ct_12m,44424
ctaf_ident_ct_12m,44424
ramp_ident_ct_12m,44424
unicom_ident_ct_12m,44424
fss_ident_ct_12m,44424
military_facility_ident_ct_12m,44424
num_total_idents,61595
num_multiple_reports,61595
num_observations,61595
num_callbacks,61595
total rows,71699
