eventairport_conv,eventcity
arlington municipal,98
corona municipal,91
denton municipal,77
anoka county blaine arpt(janes field,72
lake hood,71
chandler municipal,63
deland municipal sidney h taylor field,61
front range,53
merrill c meigs,50
collin county regional at mc kinney,48
ramona,48
skyhaven,41
new smyrna beach municipal,41
genesee county,41
merced rgnl//macready field,40
hernando county,40
tampa executive,39
flagler county,38
grand prairie municipal,37
perris valley,36
birchwood,35
lincoln park,35
carroll county regional jack b poage field,35
st charles county smartt,35
georgetown municipal,35
eloy municipal,34
mansfield municipal,34
airlake,34
lansing municipal,34
gary chicago international,34
lancaster regional,33
stellar airpark,33
bessemer,33
petaluma municipal,33
rialto municipal miro field,32
houston southwest,31
san marcos municipal,31
clarence e page municipal,31
mesquite metro,30
hampton roads executive,30
canton plymouth,29
nut tree,29
pearland regional,29
tracy municipal,29
lincoln regional karl harder field,29
sebastian municipal,28
meadow lake,28
suffolk executive,27
lee's summit municipal,27
rostraver,27
odessa schlemeyer field,26
northwest regional,26
portage county,26
fort worth spinks,26
clermont county,26
flying w,26
lodi,26
lake elmo,26
hammond northshore regional,26
pearson field,26
caldwell industrial,26
crystal river,26
murfreesboro municipal,25
warrenton fauquier,25
mid valley airpark,25
leesburg executive,25
south county arpt of santa clara county,25
fitchburg municipal,24
charlotte monroe executive,24
abilene municipal,24
washington executive hyde field,23
livingston county spencer j. hardy,23
skykomish state,23
alexander municipal,23
shelby county,23
lake hood strip,23
south st paul municipal richard e fleming field,22
cross keys,22
solberg hunterdon,22
grimes field,22
atlanta regional falcon field,22
culpeper regional,21
kent state univ,21
herlong recreational,21
grosse ile municipal,21
cameron airpark,21
hillsboro municipal,21
new castle municipal,21
medina municipal,20
fort collins downtown,20
meriden markham municipal,20
california city municipal,20
h l sonny callahan,20
fresno municipal,20
mid continent,19
bridgeport municipal,19
madison county,19
johnston county,19
el reno regional,19
plattsmouth municipal,19
scappoose industrial airpark,19
pierce county thun field,19
bolingbrook's clow international,18
windham,18
seamans field,18
greenwood lake,18
weiser air park,18
greene county lewis a. jackson regional,18
oakland troy,18
blairstown,18
carl r keller field,17
lake in the hills,17
hicks airfield,17
plant city,17
nampa municipal,17
sussex,17
orange municipal,17
bolton field,17
bolinder field tooele valley,17
blackwell field,17
upper cumberland regional,17
nevada county air park,16
donegal springs airpark,16
taunton municipal king field,16
hummel field,16
north little rock municipal,16
palatka municipal lt. kay larkin field,16
chesapeake regional,16
east troy municipal,16
slidell,16
kingston ulster,16
gastonia municipal,15
harvey field,15
marshfield municipal george harlow field,15
williston municipal,15
dona ana county at santa teresa,15
reigle field,15
addison municipal,15
franklin field,15
evergreen field,15
wickenburg municipal,15
west georgia regional o v gray field,15
simsbury,15
griffith merrillville,15
university,15
conway horry county,15
rockwall municipal,15
campbell,15
valkaria,15
lake lawn,14
benton field,14
robertson field,14
litchfield municipal,14
stormville,14
horace williams,14
laurel municipal,14
chatham municipal,14
northampton,14
frankfort municipal,14
warwick municipal,14
custer,14
de kalb taylor municipal,14
dexter b florence memorial field,14
hesperia,14
pennridge,14
danielson,13
granbury regional,13
goodspeed,13
tri county,13
perkiomen valley,13
logan county,13
orlando apopka,13
moraine air park,13
padgham field,13
schaumburg regional,13
new garden,13
jack barstow,13
romeo state,13
lake wales municipal,13
fernandina beach municipal,13
warsaw municipal,13
bend municipal,13
wadsworth municipal,13
middle peninsula regional,13
airglades,13
avi suquilla,13
coolidge municipal,12
skiatook municipal,12
fitch h beach,12
covington municipal,12
griffin spalding county,12
saline county regional,12
ankeny regional,12
toledo suburban,12
mt pleasant regional faison field,12
siler city municipal,12
cleburne regional,12
oceano county,12
warner springs,12
gila bend municipal,12
mulino state,12
mc minnville municipal,12
hammonton municipal,12
dennis f cantrell field,12
turners falls,12
dupont lapeer,12
lloyd stearman field,12
plum island,12
expressway airpark,12
zelienople municipal,12
put in bay,12
macon county,11
cherry ridge,11
hanford municipal,11
ford,11
stennis international,11
moriarty,11
frasca field,11
freeway,11
watts woodland,11
camarillo municipal,11
ashland regional,11
charlevoix municipal,11
chester catawba regional,11
baraboo wisconsin dells,11
slaton municipal,11
somerset,11
hartford municipal,11
gillespie county,11
russellville regional,11
rutherford co marchman field,11
tampa north aero park,11
crest airpark,11
keystone airpark,11
dawson municipal,11
alexandria,11
hutson field,11
burnet municipal kate craddock field,11
osage city municipal,11
raleigh exec jetport at sanford lee county,11
yolo county,11
dyersburg regional,11
southbridge municipal,10
yolo county davis,10
carlisle municipal,10
mustang beach,10
piqua airport hartzell field,10
weiss,10
rusk county,10
farmville regional,10
sandpoint,10
lincolnton lincoln county regional,10
air park dallas,10
oswego county,10
philadelphia municipal,10
sherman municipal,10
cleveland municipal,10
whalen,10
westover field amador county,10
skydive chicago,10
oakland southwest,10
west 30th st.,10
smithville municipal,10
independence state,10
twitchell,10
boerne stage field,10
grove city,10
twin lakes,10
mountain empire,10
thomaston upson county,10
crystal municipal,9
joseph a. hardy connellsville,9
katama airpark,9
sky ranch at carefree,9
bacon county,9
ottawa municipal,9
mcchord field joint base lewis mcchord,9
marianna municipal,9
dowagiac municipal,9
horseshoe bay airpark,9
frankfort,9
mason jewett field,9
carroll county,9
smith mountain lake,9
new kent county,9
jefferson county airpark,9
lake texoma state park,9
town & country airpark,9
moultonboro,9
cape fear regional jetport howie franklin field,9
rockingham county nc shiloh,9
hardwick field,9
jaars townsend,9
brenham municipal,9
maryland,9
old bridge,9
van wert county,9
sierra sky park,9
la belle municipal,9
james clements municipal,9
yucca valley,9
clark county,9
howell,9
deer park,8
tampa bay executive,8
gastons,8
portales municipal,8
william r. pogue municipal,8
heber springs municipal,8
rio vista municipal,8
kutztown,8
morris municipal james r. washburn field,8
limington harmon,8
abrams municipal,8
franklin flying field,8
warren municipal,8
portland municipal,8
zapata county,8
cloverdale municipal,8
mccarley field,8
levelland municipal,8
castroville municipal,8
shelby cleveland county regional,8
mac dill air force base,8
newnan coweta county,8
salem municipal,8
harnett regional jetport,8
tew mac,8
sallisaw municipal,8
abbeville chris crusta memorial,8
carlisle,8
stanly county,8
eagle's nest,8
william l. whitehurst field,8
elgin municipal,8
walker county bevill field,8
chilton county,8
grenada municipal,8
tekamah municipal,8
lakewood,8
burlington alamance regional,8
red wing regional,8
pine mountain lake,8
jekyll island,8
seminole municipal,8
westover arb metropolitan,8
osceola municipal,8
h.a. clark memorial field,8
pickaway county memorial,8
mid way regional,8
air park south,8
peterson,8
finger lakes regional,8
geneseo,8
lakeview,8
schuylkill county joe zerbey,8
heart of georgia regional,7
horizon,7
merkel field sylacauga municipal,7
brennand,7
franklin county regional,7
healdsburg municipal,7
folsom field,7
ashland county,7
bourland field,7
blue ridge,7
center municipal,7
whiteside co arpt jos h bittorf field,7
titusville,7
bentonville municipal louise m thaden field,7
sonoma valley,7
northumberland county,7
chillicothe municipal,7
crisp county cordele,7
jacksonville nas towers field,7
paul c. miller sparta,7
clifton municipal isenhower field,7
western carolina regional,7
mcgehee catfish restaurant,7
wichita valley,7
westport,7
skywest inc,7
minden,7
schroon lake,7
marion,7
riverview,7
brooks field,7
wahoo municipal,7
littlebrook air park,7
pittsburg international,7
mount sterling montgomery county,7
ken jernstedt airfield,7
woodbine municipal,7
mobile,7
ridgeland,7
johnnycake,7
person county,7
new jerusalem,7
warren sugarbush,7
umatilla municipal,7
kamp,7
sumner county regional,7
grove field,7
reedley municipal,7
mineola wisener field,7
epps airpark,7
putnam county,7
george m bryan,7
pineville municipal,7
gila bend af aux,7
kingdon airpark,7
ravalli county,7
pilot country,7
martin,7
waupaca municipal,7
bellefontaine regional,7
pleasanton municipal,7
mc gregor executive,7
poplar grove,7
tangier island,7
vivian,7
taylorville municipal,7
la junta municipal,7
portage municipal,7
lexington county at pelion,7
harlan municipal,7
ebensburg,7
dekalb municipal,7
sylvania,7
maple lake municipal,7
brooks,7
east 34th street,7
biddeford municipal,6
plantation arpk,6
flora municipal,6
rancho murieta,6
indian hills airpark,6
monett municipal,6
kapowsin field,6
columbiana county,6
lakefield,6
prattville grouby field,6
big creek,6
llano municipal,6
seward municipal,6
whitfords,6
berkeley county,6
phoenix,6
duanesburg,6
roosterville,6
robert r wells jr,6
winnsboro municipal,6
berry hill,6
liberty municipal,6
ross county,6
holmes county,6
henderson oxford,6
hemphill county,6
fairmont field,6
louisiana regional,6
hereford municipal,6
crawfordsville municipal,6
lake norman airpark,6
dixon municipal charles r. walgreen field,6
martin field,6
elyria,6
ledgedale airpark,6
emmett municipal,6
wright patterson air force base,6
hinckley,6
panola county,6
perryville municipal,6
festus memorial,6
herron,6
mayaguez municipal,6
dauphin island,6
tom b. david field,6
carmi municipal,6
sportsman airpark,6
sutter county,6
warren,6
geauga county,6
kelleys island land field,6
hope municipal,6
tippecanoe,6
chambers county winnie stowell,6
green castle,6
natchitoches regional,6
goose creek,6
john bell williams,6
mid america industrial,6
new london,6
north omaha,6
carroll county tolson,6
freeman field,6
beloit,6
ticonderoga municipal,6
michael j. smith field,6
garberville,6
wabash municipal,6
laurel,6
st george,6
arcadia municipal,6
sturgis municipal,6
nemacolin,6
wakefield municipal,6
stark's twin oaks airpark,6
branch county memorial,6
bearce,6
wall municipal,6
wetumpka municipal,6
lakeview griffith field,6
bayport aerodrome,6
wauchula municipal,6
clarksville municipal,6
belle fourche municipal,6
bowling green municipal,6
washington municipal,5
summerville,5
elk river,5
hinshaw greenacres,5
gladewater municipal,5
prosser,5
davidson county,5
roger m. dreyer memorial,5
pepperell,5
new smyrna beac municipal,5
st cloud municipal,5
cartersville,5
roy williams,5
dart,5
pekin municipal,5
pecan plantation,5
cavanaugh bay,5
miami county,5
holly springs marshall county,5
mac crenshaw memorial,5
woltermann memorial,5
evergreen mountain,5
kendallville municipal,5
biggs aaf fort bliss,5
triple w,5
woodstock,5
lancaster county mc whirter field,5
rensselaer county,5
troutdale municipal,5
ramona municipal,5
dickson municipal,5
gray aaf joint base lewis mcchord,5
wamego municipal,5
new castle henry co municipal,5
giddings lee county,5
rantoul natl avn cntr frank elliott field,5
duchesne municipal,5
martin municipal,5
stuart powell field,5
indiantown,5
indianola municipal,5
richard downing,5
summerland key cove,5
john nichol's field,5
deck,5
monmouth municipal,5
bult field,5
deer park municipal,5
roadcap,5
mayville municipal,5
lanett municipal,5
john h hooks jr memorial,5
perry houston county,5
raeford municipal,5
river ranch resort,5
iowa county,5
bulverde airpark,5
ionia county,5
hunter aaf,5
greensburg jeannette regional,5
ovid,5
lebanon state,5
angwin parrett field,5
polson,5
oakes municipal,5
kentucky dam state park,5
skylark airpark,5
plainwell municipal,5
vista field,5
corning municipal,5
william h. morse state,5
bloomsburg municipal,5
andy barnhart memorial,5
corpus christi nas truax field,5
paintsville prestonsburg field,5
placid lakes,5
bridgeport cahill field,5
rush city regional,5
polk county airport cornelius moore field,5
lawrence smith memorial,5
kutztown municipal,5
twin oaks,5
platteville municipal,5
bluffton,5
collegedale municipal,5
folsom,5
clearview airpark,5
vansant,5
luce county,5
midland municipal,5
guntersville municipal joe starnes field,5
clarion county,5
colusa county,5
ocean springs,5
lake barkley state park,5
bethel municipal,5
belfast municipal,5
marine city,5
houston county,5
greensburg municipal,5
firebaugh,5
cottage grove state,5
scandia air park,5
false river regional,5
blairsville,5
three forks,5
metter municipal,5
amana,5
marion county,5
south expressway,5
hefner easley,5
york municipal,5
willow grove nas jrb,5
hilliard airpark,5
grandfield municipal,5
braxton county,5
chalet suzanne air strip,5
fallston,5
south lakeland,5
south texas regional at hondo,5
paynesville municipal,5
central colorado regional,5
north island nas halsey field,5
cecil county,5
naper aero club,5
potomac airfield,5
aeroflex andover,5
lockhart municipal,5
santa susana municipal,5
graham municipal,5
port orchard,5
palmyra municipal,5
boonville,5
wellington municipal,5
smoketown,5
cheboygan county,5
joseph y resnick,5
middlesboro bell county,5
amelia earhart,5
taft kern county,5
tahlequah municipal,5
bellevue municipal,5
huron county memorial,4
mountain air,4
muscle shoals municipal,4
nebraska city municipal,4
higginsville industrial municipal,4
middleton field,4
gibson county,4
glencoe municipal,4
mogollon airpark,4
mj aviation i,4
elmdale airpark,4
murphy,4
hidden valley,4
palmetto air plantation,4
friday harbor municipal,4
maquoketa municipal,4
hartselle morgan county regional,4
fremont,4
mount airy surry county,4
haskell municipal,4
parowan,4
hugoton municipal,4
merrymeeting field,4
paramount air,4
fentress airpark,4
milbank municipal,4
mcminnville municipal,4
holyoke,4
finleyville airpark,4
grawunder field,4
nueces county,4
fitzgerald municipal,4
fox stephens field gilmer municipal,4
haigh field,4
p k airpark,4
morehead rowan county,4
fleming mason,4
floyd w. jones lebanon,4
marine city municipal,4
howell new lenox,4
hall miller municipal,4
medford municipal,4
ona airpark,4
pearce ferry,4
harris hill,4
fairmont state airfield,4
malvern municipal,4
geneva municipal,4
ennis municipal,4
piatt county,4
mid valley,4
marysville municipal,4
ephraim gibraltar,4
macon fower memorial,4
mathis,4
escalante municipal,4
new hudson municipal,4
hillsdale municipal,4
hutchinson municipal butler field,4
new market,4
perryton ochiltree county,4
gardiner,4
perris municipal,4
mount snow,4
mc elroy airfield,4
excelsior springs memorial,4
mackinac county,4
marked tree municipal,4
mount pleasant scottdale,4
holley mountain airpark,4
harold krier field,4
fabick two,4
norfolk ns chambers field,4
ray community,4
marlette,4
platte valley airpark,4
currituck county regional,4
carrington municipal,4
wawasee,4
thomson mcduffie county,4
joseph state,4
jackson,4
scottsboro municipal word field,4
copiah county,4
copalis state,4
cashmere dryden,4
conway municipal,4
springerville municipal,4
basin harbor,4
baublitz commercial,4
baxley municipal,4
cox grantham airfield,4
boyne city municipal,4
santa susana,4
canandaigua,4
stafford regional,4
cuba municipal,4
saline county watts field,4
arens field,4
tenkiller lake airpark,4
asheboro regional,4
st john the baptist parish,4
cranland,4
sandia airpark estates east,4
lawrence,4
wellsboro johnston,4
boyne mountain,4
sandy creek airpark,4
welke,4
cape cod,4
seneca county,4
jake arner memorial,4
bay minette municipal,4
skarda tollville,4
toledo state,4
blue ash municipal,4
vashon municipal,4
south cove,4
benton municipal,4
south alabama regional at bill benton field,4
silver springs,4
claremore regional,4
bermudian valley airpark,4
smithville crawford municipal,4
jerome county,4
jennings,4
tremonton municipal,4
chesapeake municipal,4
clearfield lawrence,4
spohn alice,4
sheldon municipal,4
bb airpark,4
lea county zip franklin memorial,4
bear lake county,4
le roy,4
bob white field,4
spadaro,4
coffey county,4
bedford county,4
shell lake municipal,4
shenandoah municipal,4
cloquet carlton county,4
belleville municipal,4
cameron memorial,4
kentmorr airpark,4
white county,4
byerley,4
sycamore strip,4
red oak municipal,4
little falls morrison county lindbergh field,4
brodhead,4
brighton,4
winterset municipal,4
stanley,4
woodbridge municipal,4
winsted municipal,4
diamondhead,4
rentschler,4
alfred c 'bubba' thomas,4
windsor locks international,4
red lodge,4
driggs reed memorial,4
stormville municipal,4
agua caliente,4
bryan,4
abba's,4
eagles nest,4
kingman airport clyde cessna field,4
wurtsboro sullivan county,4
agua dulce municipal,4
woodland state,4
wright field,4
dumas municipal,4
randall,4
wray municipal,4
brookneal campbell county,4
strongsville,4
antioch municipal,4
caldwell municipal,4
stehekin state,4
rockledge,4
davis monthan air force base,4
rochelle municipal airport koritz field,4
polly ranch,4
robert lee,4
bredlow farm,4
williamsburg regional,4
williams county,4
defuniak springs,4
stanton municipal,4
roy e. ray,4
andrews county,4
rossettie,4
wimauma air park,4
dacy,4
tecumseh municipal,3
brookville air park,3
johnson field,3
hondo municipal,3
grundy municipal,3
glenns ferry municipal,3
bill pugh field,3
mount vernon municipal,3
black rock,3
branhams,3
black rock city,3
trego wakeeney,3
mount sterling municipal,3
moorhead municipal,3
moose lake carlton county,3
jonesville,3
brooks county,3
brewer municipal,3
morrow county,3
grand forks municipal,3
timberline,3
grand haven memorial airpark,3
brenner field,3
jones field,3
lakeside airpark,3
booneville baldwyn,3
tishomingo county,3
home acres sky ranch,3
thomas p stafford,3
mount comfort municipal,3
morgan county,3
mount olive municipal,3
bolivar municipal,3
terry county,3
magee municipal,3
brookeridge air park,3
madisonville municipal,3
brookhaven lincoln county,3
greenwood lake municipal,3
bordner,3
bradford field,3
brewton municipal,3
kelly air park,3
big timber,3
allen parish,3
mc ville,3
kobelt,3
wilson industrial air center,3
alturas municipal,3
alvin municipal,3
hebron municipal,3
anadarko municipal,3
andrews university airpark,3
la cholla airpark,3
meade municipal,3
hearne municipal,3
whiteplains,3
hazen municipal,3
white cloud,3
wheeler,3
lago vista tx rusty allen,3
medlock field,3
hawley municipal,3
aspen valley hospital,3
allendale county,3
allen aaf,3
wells,3
kit carson county,3
marksville municipal,3
marlin,3
highland winet,3
marthas vineyar municipal,3
abernathy municipal,3
martin campbell field,3
kings land o' lakes,3
agana municipal,3
kimball municipal robert e arraj field,3
airtrek,3
hillside,3
aitkin municipal steve kurtz field,3
ak chin community airfield,3
wolfe air park,3
mc bride field,3
albertville regional thomas j brumlik field,3
hilltop,3
albia municipal,3
markham,3
atoka municipal,3
audubon county,3
turlock airpark,3
visnaw lake,3
hamburg inc,3
midwest national air center,3
mifflintown,3
hollandale municipal,3
van slyke field,3
valdosta municipal,3
upshur county regional,3
bermuda dunes municipal,3
hackettstown,3
hackenburg penny hill,3
kasilof,3
unicorn,3
ulysses,3
twin pine,3
betz,3
karnes county,3
gustine,3
twin mountain,3
kaolin field,3
turners falls municipal,3
molokai municipal,3
manitowish waters,3
belle glade state municipal,3
beaver island,3
weiser municipal,3
haskell,3
avery county morrison field,3
harvard state,3
baker,3
mexico memorial,3
bandel,3
lake elmo municipal,3
harold davidson field,3
watervliet municipal,3
harford county,3
barnesville bradfield,3
waseca municipal,3
barton,3
hangar lake,3
wakulla county,3
superior municipal,3
stateline,3
corning painted post,3
corry lawrence,3
cougar mountain airfield,3
country air estates,3
courtland,3
savannah hardin county,3
lowell city,3
sargent municipal,3
covington vincent,3
ferry county,3
paoli municipal,3
paradise air haven,3
sandusky county regional,3
fayette,3
huggins memorial,3
san saba county municipal,3
san manuel,3
saluda county,3
paxson,3
cuero municipal,3
fall river mills,3
fisher county,3
fort atkinson municipal,3
cook airfield,3
oelwein municipal,3
cleburne municipal,3
houston municipal,3
oneill municipal,3
flying m ranch,3
honeoye falls,3
columbia marion county,3
orlando north airpark,3
orofino municipal,3
lubbock municipal,3
columbus county municipal,3
floydada municipal,3
seminole lake,3
seeley lake,3
concord airpark,3
ozark franklin county,3
lenhardt airpark,3
sackman field,3
custer county,3
redwing,3
dodgeville municipal,3
dogwood airpark,3
donald d. coski memorial,3
lonnie pool field weaverville,3
red lodge municipal,3
longville municipal,3
emanuel county,3
red lion,3
duflo,3
raleigh municipal,3
elkin municipal,3
eads municipal,3
piseco,3
eagle's nest estates,3
pittsfield penstone municipal,3
port bucyrus crawford county,3
eldon model airpark,3
elbow lake municipal pride of the prairie,3
pontotoc county,3
reedsburg municipal,3
phillipsburg,3
dimmitt municipal,3
isedor iverson,3
pearland,3
rugby municipal,3
round valley,3
darlington county jetport,3
lexington,3
pella municipal,3
rosamond municipal,3
pensacola nas forrest sherman field,3
de motte,3
dexter regional,3
excelsior sprin municipal,3
delano municipal,3
perry warsaw,3
ridgely airpark,3
richwood municipal,3
estrella sailport,3
dexter municipal,3
odell williamson municipal,3
ocracoke island,3
gates,3
st. tammany regional,3
campbell lake spb,3
landings condominium,3
st james municipal,3
galt field,3
st francis medical center,3
new river gorge,3
gaffney,3
newberry county,3
springhill,3
newton,3
hopkinsville christian county,3
langlade county,3
fuller,3
north buffalo suburban,3
cedar ridge,3
north las vegas municipal,3
chamberlain municipal,3
camden county,3
camano island airfield,3
stanton county municipal,3
gimlin,3
necedah,3
nehalem bay state,3
neillsville municipal,3
summersville,3
buhl municipal,3
burnett county,3
sugar valley,3
gettysburg municipal,3
germack,3
new albany union co,3
georgetown scott county marshall field,3
sturgis,3
c e 'rusty' williams,3
strongsville municipal,3
stevensville,3
cain,3
calhoun county,3
chambers county,3
franklin county state,3
slatington municipal,3
norwalk huron county,3
frankfort highland,3
horning,3
chilhowee,3
chinle,3
chowchilla,3
lunenburg county,3
christman field,3
skydive oregon,3
fountainhead lodge airpark,3
chub cay municipal,3
sky valley airpark,3
fort morgan municipal,3
clarksville red river cty j d trissell field,3
sleepy eye municipal,3
salem memorial,3
north pickens,3
somerset county,3
north windham,3
northfield municipal,3
lake mills municipal,2
lajitas international,2
lakeville,2
little river,2
lone pine,2
lucien,2
le maire memorial,2
lompoc municipal,2
logansport cass county,2
lamoni municipal,2
lawrenceville brunswick municipal,2
lake bird,2
littlefield municipal,2
kingsland estates,2
livingston,2
lee vining,2
livingston municipal,2
lake village municipal,2
lampasas municipal,2
magee,2
larned pawnee county,2
limerick municipal,2
laurens county,2
lee county,2
major gilbert field,2
lake palourde base,2
lake chelan,2
lincoln regional,2
leon,2
malone dufort,2
lake wales,2
kittie hill,2
leaders clear lake,2
lawrenceburg lawrence county,2
lansdowne,2
laporte municipal,2
lisbon municipal,2
kinsley municipal,2
lake winnebago municipal,2
langdon municipal,2
marlette municipal,2
sunset strip,2
spitfire aerodrome,2
springfield robertson county,2
st mary's,2
stafford,2
standing rock,2
streator municipal,2
sullivan lake state,2
sullivan regional,2
sunrise beach,2
sunset air strip,2
sutton,2
sauk centre municipal,2
suwannee county,2
swanson,2
t p mc campbell,2
tanner's,2
tappahannock essex county,2
tappahannock municipal,2
tensas flying service,2
terrell county,2
three lakes municipal,2
tillitt field,2
spencerport airpark,2
spanaway municipal,2
south texas international at edinburg,2
south lafourche leonard miller jr,2
scott field,2
seagraves municipal,2
searchlight,2
seaside municipal,2
seligman,2
seymour lake spb,2
shade tree field,2
shattuck hospital,2
shearer usfs,2
shoals hospital,2
shoshone county,2
sierra airpark,2
siletz bay state,2
silverton municipal,2
sisters eagle air,2
skelton,2
sky harbor residential airpark,2
skydive greene county inc,2
skyway airpark,2
skyway estates,2
smiley creek,2
smiley johnson municipal bass field,2
soaring club of houston,2
soda springs municipal,2
tishomingo airpark,2
todd field,2
wayne municipal stan morris field,2
wecker farms,2
werner,2
west plains regional,2
westfield,2
westminster municipal,2
westosha,2
wheaton municipal,2
whidbey island nas ault field,2
widmark,2
wilbur,2
wilburton municipal,2
william m tuck,2
william p gwinn,2
willits municipal,2
winfield,2
winfield airpark,2
wissota,2
woolsey memorial,2
wynkoop,2
wynne municipal,2
yoakum county,2
yoakum municipal,2
wautoma municipal,2
tombstone municipal,2
watts field,2
tonasket municipal,2
tower municipal,2
trading bay production,2
transylvania county,2
trinity center,2
turlock municipal,2
twin bridges,2
twin city,2
union parish,2
urbana municipal,2
vici municipal,2
vinita municipal,2
viroqua municipal,2
wadena municipal,2
wagner municipal,2
ware island,2
warrenton air park,2
washington county memorial,2
washington island,2
mathews memorial,2
north lakeland,2
myrick,2
myricks,2
nash field indianola,2
navasota municipal,2
nelson,2
new gulf,2
new holstein municipal,2
new orleans nas jrb alvin callender field,2
noblesville,2
nordheim flying k airpark,2
north central missouri regional,2
sand canyon,2
north vernon,2
northwest missouri regional,2
norway municipal,2
nowata municipal,2
oakley municipal,2
oakridge state,2
ocean shores municipal,2
olathe municipal,2
onawa municipal,2
orange city municipal,2
munday municipal,2
mount carmel municipal,2
moriarty municipal,2
morgan field,2
mayes,2
mc connell air force base,2
mc entire jngb,2
mc gee field,2
mc gill,2
mead flying service,2
mears field,2
mecklenburg brunswick regional,2
menomonie municipal score field,2
mentone,2
mentone municipal,2
midlake,2
milaca municipal,2
milan,2
mineral county memorial,2
minot municipal,2
missouri valley,2
monticello municipal ellis field,2
moores,2
mora municipal,2
orr regional,2
ottiger,2
real county,2
red cloud municipal,2
red fox,2
redfield municipal,2
rehoboth beach municipal,2
reserve,2
richard b helgeson,2
riddick field,2
rigby,2
riley field,2
rittenhouse army heliport,2
road commission nr 1,2
rochelle municipal,2
rolla downtown,2
rolla municipal,2
ronan,2
rosaschi air park,2
rostraver municipal,2
rough river state park,2
ruleville drew,2
salaika aviation,2
san fernando municipal,2
san manuel municipal,2
rattlesnake island,2
questa municipal nr 2,2
palomino,2
purdy nielsen memorial airpark,2
pana community hospital,2
parkland,2
pauls valley municipal,2
pawhuska municipal,2
payette municipal,2
peach state,2
pearland municipal,2
perkins field,2
perry county,2
phillipsburg municipal,2
picayune municipal,2
piedmont municipal,2
piggott municipal,2
pine hill,2
pine shadows airpark,2
pinewood,2
pipestone municipal,2
plateau sky ranch,2
pleasant valley,2
port isabel cameron county,2
possum kingdom,2
prasa la plata,2
primghar,2
pru field,2
puckett,2
pullman municipal,2
kingfisher,2
zuehl,2
grant municipal,2
chariton municipal,2
houston executive,2
howard nixon memorial,2
chapin,2
hubler field,2
hudson,2
hulett municipal,2
grinnell regional,2
humphreys county,2
chambersburg municipal,2
hunter mountain,2
huntingdon,2
el mirage municipal,2
elizabethton municipal,2
breakaway park,2
great valley,2
elk grove,2
holyoke municipal,2
homedale municipal,2
hondarosa,2
ells field willits municipal,2
charles r johnson,2
honeoye falls municipal,2
ellington municipal,2
gundys,2
brazil clay county,2
ellenville municipal,2
hornell municipal,2
elkhart morton county,2
costin,2
cozad municipal,2
grimes,2
hurdle field,2
bamberg county,2
brokenstraw,2
atmore municipal,2
edgar county,2
isbell field,2
central city municipal larry reineke field,2
atlanta municipal,2
green acres,2
crewe municipal,2
islesboro,2
astronaut kent rominger,2
fosston municipal,2
crivitz municipal,2
fostoria metropolitan,2
auburn,2
greenfield municipal,2
aztec municipal,2
effingham county memorial,2
crandon steve conway municipal,2
bailes,2
crawford,2
hyde county,2
crawford co,2
crazy horse municipal,2
idabel,2
ilwaco municipal,2
indian creek usfs,2
central farmers coop,2
austin,2
ingersoll,2
chattanooga sky harbor,2
holly hill,2
hollis municipal,2
hamlin municipal,2
harriman and,2
fallbrook municipal,2
bluebird airpark,2
bluffton municipal,2
hannibal regional,2
henderson aviation,2
bob wiley field,2
henderson city county,2
henderson municipal,2
bessemer municipal,2
berrien co,2
henry post aaf fort sill,2
farmers pride,2
big sandy,2
cisco municipal,2
bloomfield municipal,2
hawkins county,2
bison municipal,2
fillmore county,2
clewiston,2
clay center municipal,2
bimini municipal,2
billy free municipal,2
hartenbower hectares,2
clinton memorial,2
clarion municipal,2
clare county,2
city of tulia swisher county municipal,2
heber airpark,2
firstair field,2
flanders municipal,2
beloit municipal,2
highland,2
flushing municipal,2
hillcrest,2
hilltop lakes,2
flying circus aerodrome,2
belleville,2
flying crown,2
beech river regional,2
flying heart ranch,2
cook county,2
chena marina,2
elwood,2
elma municipal,2
high valley airpark,2
hidden river,2
eureka municipal,2
hershey municipal,2
chloride,2
berg field,2
benton county,2
florala municipal,2
everitt,2
evelyn sharp field,2
beltzville,2
boscobel,2
bendigo,2
belzoni municipal,2
colorado city municipal,2
colville municipal,2
eutaw municipal,2
issaquah municipal,2
fertile municipal,2
casey municipal,2
buchan,2
julian carroll,2
freehold,2
general dick stout field,2
fred netterville lbr co wilkinson commnty,2
jones memorial,2
alva municipal,2
bunkie municipal,2
daniels field,2
g. v. montgomery,2
buffalo lancaster regional,2
american legion village of centertown,2
johnsen,2
franklin wilkins,2
calhan,2
caruthersville memorial,2
anderson field,2
cantwell,2
gatesville municipal,2
dale hollow regional petro field,2
granby grand county,2
delphi municipal,2
jimmy carter regional,2
anita municipal,2
bucks,2
key west nas boca chica field,2
butts aaf fort carson,2
carrizozo municipal,2
ds butler farm and airfield,2
kenmare municipal,2
downtown manhattan wall st,2
kelly ranch,2
cabin creek usfs,2
glad oaks,2
airpark east,2
kearny,2
caesar creek,2
iuka,2
alderman,2
ketchikan municipal,2
duanesburg municipal,2
doniphan municipal,2
frisco municipal,2
glenn's strip,2
campbell county,2
kakhonak municipal,2
cagney,2
friends,2
campbell airstrip,2
carl folsom,2
dyersburg municipal,2
cynthiana harrison county,2
ardmore,2
apex airpark,2
catalina island municipal,2
arkadelphia municipal,2
aberdeen municipal,2
j. douglas bake memorial.,2
janes,2
kimball municipal,2
gallatin municipal,2
custer state park,2
cross keys municipal,2
east boston municipal,2
jacumba,2
cuchara valley at la veta,2
east gull lake,2
arch,2
campbell aaf fort campbell,2
camp lake,2
grand isle,2
brookville municipal,2
earl l. small jr. field stockmar,2
franconia,2
brookhaven municipal,2
curtis municipal,2
king ranch,2
anthonson,2
jesup municipal,2
brookline,2
gadabout gaddis,2
ashe county,2
curtis l brown jr field,2
crosbyton municipal,2
antiquers aerodrome,2
cassville municipal,2
grapevine municipal,2
demopolis municipal,2
caswell,2
camas county,2
arco butte county,2
kidwell,2
dermott municipal,2
st joseph,1
cancun municipal,1
candlelight farms,1
clear sky lodge,1
chitose municipal,1
silver springs municipal,1
chotom municipal,1
clear,1
skyport,1
st paul municipal,1
skyharbor,1
skinner ranch,1
st. cloud municipal,1
st. joseph hospital,1
sky classics field,1
st thomas municipal,1
claxton evans county,1
sisseton municipal,1
cle elum municipal,1
sky ranch for boys,1
cindy guntly memorial,1
cibecue,1
st pete clearwa international,1
sioux center municipal,1
church hill,1
christmas valley,1
cedar island,1
china lake naws armitage field,1
chadwick,1
springhill municipal,1
sontimer,1
chardon municipal,1
south capitol street,1
chappell municipal,1
chandalar stati municipal,1
south grand lake regional,1
spring valley farm,1
sportsmans field,1
chambers,1
chagrin falls municipal,1
south hill municipal,1
cavalier municipal,1
silver lake,1
centre airpark,1
central industries,1
split b ranch,1
southern cross,1
southern natural gas co.,1
southland field,1
southwest citrus,1
cavanaugh,1
cayuse creek usfs,1
spicewood,1
spruce creek municipal,1
sloulin field int'l apt,1
cheswold municipal,1
st ignatius,1
chesapeake ranch,1
slate creek,1
slatington,1
chesapeake city municipal,1
chesaning municipal,1
sleepers strip,1
cheryl lane landings,1
cherrystone,1
slobovia outernational,1
carey,1
st elmo,1
cherry point mcas cunningham field,1
charles e grutzmacher municipal,1
cheneyville,1
chena river,1
smith rla,1
chehalem airpark,1
carrollton memorial,1
snook,1
carter,1
chataignier municipal,1
cartersville municipal,1
solon springs municipal,1
carthage leake county,1
centre piedmont county regional,1
serene field,1
clearwater airpark,1
crystal lake municipal,1
saint helen municipal,1
culpeper municipal,1
culpepper municipal,1
sac city municipal,1
sabetha municipal,1
ryan aerodrome,1
currier's,1
russell,1
ruby star airpark,1
dan e richards municipal,1
rothrock,1
daniels,1
ross private strip,1
darby dan,1
cullan,1
crowville municipal,1
cresswell municipal,1
sanders,1
sand ridge airpark inc,1
sand lake,1
crestview municipal,1
sanctuary,1
san saba municipal,1
creve coeur municipal,1
san martin municipal,1
crevice creek,1
crisfield municipal,1
san fernandoq municipal,1
crockett municipal,1
san clemente island nalf,1
san augustine county,1
crooked lake,1
sam riggs airpark,1
salty approach,1
cross cut,1
salisbury municipal,1
rosenbaum field,1
rosebud sioux tribal,1
robert sibley,1
deep water cay municipal,1
robbinsville municipal,1
deer creek ranch,1
robbins,1
deer pasture,1
del norte municipal,1
delhi municipal,1
dell city municipal,1
river bend municipal,1
river bend,1
dell flight strip,1
rio linda municipal,1
rigby municipal,1
rigby jefferson county,1
denali,1
ridgeland municipal,1
ridge soaring,1
ridge road west,1
department of corrections field,1
dee jay,1
deck airpark,1
darrington municipal,1
dean memorial,1
darrtown municipal,1
rosalia municipal,1
ronan municipal,1
david city municipal,1
david g joyce,1
rolle airfield,1
david wine's airstrip,1
david's,1
rolette,1
rocky creek ranch,1
dayton valley airpark,1
rockville municipal,1
de quincy industrial airpark,1
de witt municipal,1
rocking t ranch,1
rock rapids municipal,1
rock county,1
dean griffin memorial,1
creole,1
cockfield aerodrome,1
shelby municipal,1
cold bay municipal,1
shelby community,1
cold meadows municipal,1
shelby air service,1
cole airfield,1
shawnee field,1
shawano municipal,1
shaw island trust,1
collegeville,1
sharon,1
shanghai international,1
shands cair,1
shamrock municipal,1
shallowater municipal,1
columbia statio municipal,1
comanche county city,1
cokeville municipal,1
shelter cove,1
sentara norfolk general hospital,1
shelter cove municipal,1
sigourney iowa,1
sierraville municipal,1
sierraville dearwater,1
cline falls air park,1
shure,1
shoshone municipal,1
shoshone,1
short creek,1
cobbetts pond,1
shirley municipal,1
shirley,1
shiocton,1
shiloh,1
shiflet field,1
shields,1
sherman,1
sherlock field,1
stambaugh,1
seneca falls municipal,1
creighton municipal,1
cornish field,1
scobey,1
corsica municipal,1
schuy rush,1
schultz field,1
schertz field,1
schaumburg municipal,1
scappoose municipal,1
cotton field,1
country squire airpark,1
covey trails,1
savanah municipal,1
sarasota memorial hospital,1
santee municipal,1
santana municipal,1
craigmont municipal,1
santa catalina municipal,1
scott airpark,1
coram municipal,1
comanche creek,1
scott seed farm,1
comfort airpark,1
commerce municipal,1
sells,1
community medical center,1
selby general hospital,1
conchas lake,1
sebewaing municipal,1
sebewaing,1
seattle seaplanes,1
condon usfs,1
seaside,1
seaplane landing area,1
cookston municipal,1
cooperstown municipal,1
seafood warehouse park,1
coral ocean point pro shop,1
scotts valley municipal,1
scotts,1
camp chippewa,1
rangeley municipal,1
camillus,1
watonga regional,1
backachers ranch,1
backus municipal,1
bakers acres,1
waverly municipal,1
baldwin base,1
waupun,1
baldwin municipal,1
waunakee,1
bandera state,1
banner thunderbird medical center,1
watkins municipal,1
weeks,1
watford city municipal,1
baraboo municipal,1
waskish municipal,1
barberville municipal,1
barrett field,1
wasco state,1
weed,1
weiker,1
basin harbor municipal,1
west feliciana parish hospital,1
westerlo,1
westbrook municipal,1
asheboro municipal,1
asplundh,1
west plains municipal,1
west penn hospital,1
west palm beach municipal,1
west middlesex,1
west bloomfield municipal,1
avoca,1
atomic city municipal,1
wesson davis field,1
weseca municipal,1
atwood municipal,1
atwood rawlins county city county,1
au gres municipal,1
auberry municipal,1
auburn academy,1
avenal,1
barron municipal,1
warrenton municipal,1
arrowhead,1
vinland valley aerodrome,1
beaufort municipal,1
wagner,1
beaver marsh state,1
becker personal,1
w & e air service,1
bellefontaine municipal,1
virgin gordo municipal,1
vinton county,1
belmond municipal,1
waipaca municipal,1
vineland downstown,1
vincent,1
vince's condominium association,1
vieques municipal,1
vicksburg tallulah regional,1
beltsville shop,1
vertiflite,1
venice base heliport & spb,1
vaughn,1
beltzville municipal,1
beaufort mcas merritt field,1
wakeeney municipal,1
bass field,1
ward,1
warren usfs,1
baton rouge general hospital,1
battle field,1
warner springs municipal,1
battle lake municipal,1
warner lambert parking lot,1
wareham municipal,1
baudette flying service,1
baugh flight park,1
bear creek municipal,1
walsh,1
wall lake municipal,1
wall flying service,1
bayview farms,1
beach ranch,1
wakeman,1
arthur municipal,1
arnold field,1
camilla mitchell county,1
alamo landing field,1
air park field,1
woodworth,1
woods and lakes airpark,1
woods,1
woodland municipal,1
woodford airpark,1
woodbridge,1
airpark estates,1
wolf river,1
wm 'tiny' zehnder field,1
wishek municipal,1
albert j lindberg,1
winters municipal,1
albion municipal,1
winstead '76',1
winnfield municipal,1
winner regional,1
alert field,1
alfonsinas municipal,1
zortman,1
zitone,1
zimmerle,1
zaverton,1
abbeville municipal,1
abernathy field,1
acadia municipal,1
yorba linda municipal,1
agua dulce,1
yav'pe ma'ta,1
yates field,1
yates center,1
yap municipal,1
y o ranch,1
adirondack airpark estates,1
adjuntas,1
wychwood field,1
ag aviation,1
all west,1
westheimer air park,1
wide sky airpark,1
antelope county,1
antique aerodrome,1
whittier municipal,1
apache municipal,1
whitesburg municipal,1
apex,1
whitefish,1
white sulphur springs,1
white sulphur s municipal,1
applegate,1
anoka county airport,1
aquia creek municipal,1
arant,1
whetstone,1
wheeler sack aaf,1
arcade municipal,1
arcade tri county,1
arkavalley,1
arnett municipal,1
ansonia municipal,1
wilbur municipal,1
allegan municipal,1
alva regional,1
windsock village,1
window rock,1
allegheny general hospital emergency,1
allison municipal,1
almont municipal,1
almyra municipal,1
willowgrove municipal,1
willow pond aviation inc,1
williamsport airpark,1
william robert johnston municipal,1
andersen farms,1
anderson private,1
angier municipal,1
angwin municipal,1
van zandt county regional,1
belvidere municipal,1
taliaferro field,1
brewer,1
tanner hiller,1
tangier island municipal,1
tangerine,1
bridger municipal,1
tampa general hospital,1
brocker lake,1
tamiami municipal,1
tallman,1
taipei international,1
tarboro edgecombe,1
brodhead municipal,1
table rock,1
t & m ag aviation,1
syracuse hamilton county municipal,1
sycamore hospital,1
swinton smith field at reidsville municipal,1
desert center,1
swan creek,1
breezy point municipal,1
tarboro municipal,1
suwannee belle,1
tekemah municipal,1
the sigurd anderson,1
the mercersburg academy,1
texas city municipal,1
texas air museum,1
boyd field,1
boyd's hawks creek,1
terry,1
templeton meado municipal,1
tatum,1
tecumseh products,1
tazlina,1
tazewell county,1
taylor airstrip,1
tavernaero park,1
tauton municipal,1
breezy point,1
broomfield municipal,1
brooten municipal,1
benjamin franklin,1
stephens municipal,1
stout,1
caddo mills municipal,1
stonington municipal,1
stonington airpark,1
stoltzfus airfield,1
stigler regional,1
stickney municipal,1
stevenson,1
steven a. bean municipal,1
stephen municipal,1
strongville municipal,1
cairo grady county,1
stateline municipal,1
state prison field,1
starkville municipal,1
calhan municipal,1
calico field,1
staples municipal,1
calistoga,1
calkins field,1
cable union,1
stuart atkinson municipal,1
brownsburg municipal,1
bruce field,1
brundidge municipal,1
buelah municipal,1
sunnyside municipal,1
sunflower aerodrome,1
buena,1
summersville municipal,1
burke county,1
c.e.f.,1
burlilngton municipal,1
burrs strip,1
sugar loaf shor municipal,1
sugar hill,1
sudan,1
byram ranch,1
c a m p,1
stuckey municipal,1
thibodaux municipal,1
thigpen field,1
tucson municipal,1
tuscola municipal,1
big foot airfield,1
big sandy regional,1
turkey mountain estates,1
turkey creek lake,1
bigfork municipal,1
tulelake municipal,1
tucker guthrie memorial,1
tsa,1
troy skypark,1
troy airpark,1
birchwood municipal,1
trinca,1
trident basin,1
triche field,1
big duke's place,1
twin lakes ranch,1
thomas,1
valley city municipal,1
valley city flying club,1
valhalla,1
bennett field,1
vagabond ahp,1
upton county,1
bergseth field,1
berlin field,1
university medical center,1
big bend,1
university airpark,1
unionville municipal,1
ulysses municipal,1
bethany memorial,1
u of a maricopa ag center,1
tyler,1
bethpage municipal,1
bird nr 2,1
birdwin,1
blackinton,1
bowbells municipal,1
bongkong sarawa municipal,1
bonny doon village,1
boonville municipal,1
boothville,1
boquet,1
tiger field,1
tiffin municipal,1
ticspm international,1
throckmorton municipal,1
boundary county,1
thorp,1
travis air force base aero club,1
thornton,1
bowie municipal,1
thompsonville,1
thompson pass,1
boyceville municipal,1
thomas municipal,1
thomas creek municipal,1
bold,1
boggs field,1
tofte,1
tofte municipal,1
blair lake,1
blairstown municipal,1
towner municipal,1
blairsville municipal,1
bloomer municipal,1
towanda municipal,1
bloomsburg hospital,1
topsail airpark,1
tooele valley hospital,1
bloyer field,1
blue knob valley,1
blue lick,1
tomlinson field,1
blue mound municipal,1
tomahawk regional,1
blue ridge flightpark,1
toland,1
bob walberg field,1
7-h skeet club inc field,1
richey,1
middle bass east point,1
hawk air,1
hayes,1
hayes field,1
menard county,1
memorial hospital,1
memaloose,1
melbourne municipal john e miller field,1
melanie's,1
haynesville,1
haysfield,1
hazard municipal,1
hazel green,1
hazelton municipal,1
meadowbrook,1
meadow mist,1
hazlehurst,1
heath canyon,1
heberlig,1
mckinley park municipal,1
mckimmy field,1
mcintosh municipal,1
mercer county regional,1
haverhill municipal,1
meriden municipal,1
hancock co ron lewis field,1
mid florida air service,1
happy valley,1
mid atlantic soaring center,1
harbor point,1
harborview medical center,1
harper municipal,1
harrison field of knox city,1
hartwood,1
meriden wallingford hospital,1
metropolis municipal,1
hassell field,1
mesmer,1
mersing municipal,1
hatch,1
merrimack valley,1
hatch municipal,1
havana municipal,1
haven wood,1
mcgrath municipal,1
mcgehee municipal,1
hettinger municipal,1
mayfield,1
herold,1
herren,1
maxon field,1
maui municipal,1
mattituck municipal,1
hesperia municipal,1
hessel municipal,1
match mate,1
mason,1
hernando village airpark inc,1
hexton farms,1
hiatt,1
hidden hills,1
hidden valley airpark,1
highcrest air park,1
martha's vineya municipal,1
martha lake,1
highview farms,1
hill city quadna mountain,1
marlboro municipal,1
mayfield graves county,1
hermann municipal,1
heckendorf ranches,1
mc kinney,1
mcgahan industrial airpark,1
hemingway stuckey,1
mccharen field,1
hempstead,1
mcas cherry point,1
hendershot,1
henderson,1
mc lean municipal,1
mc kinley field,1
herington regional,1
henke,1
henley,1
henryetta municipal,1
mc elroy,1
mc daniel's field,1
mc cullough,1
hephzibah municipal,1
hepp,1
hanau municipal,1
hamry field,1
gravelly valley,1
gray ranch,1
mount royal,1
great harbour c municipal,1
mount morris municipal,1
greater morris county,1
green lake,1
moundridge municipal,1
green mountain,1
greencastle municipal,1
greene county regional,1
morrill airpark,1
greensfield,1
morgan hill municipal,1
grier,1
moraine municipal,1
griffin,1
grapevine,1
granite municipal,1
goldfield ranch,1
goldsby municipal,1
goodall ranch,1
naked lady ranch,1
myrtle creek municipal,1
gorham,1
gorman,1
gothenburg municipal,1
gould peterson municipal,1
graham field,1
mountain view,1
murdo municipal,1
grand coulee municipal,1
richards,1
mukonje municipal,1
muir aaf fort indiantown gap,1
mt view,1
grandpas' farm mendota,1
mountain view field,1
grinnell municipal,1
moorhead airpark llc,1
gross,1
milband municipal,1
miners medical center,1
hadley,1
mina,1
milwaukee municipal,1
millhaven,1
miller municipal,1
millar,1
haigh,1
haire,1
mingo county,1
haller airpark,1
mike jacob sturgis,1
hallock municipal,1
halstead municipal,1
hamp,1
middlebury state,1
middlebury,1
miners memorial medical center,1
mingo county regional,1
monticello sky ranch,1
gunsight mountain,1
grove city municipal,1
montgomery wehrman,1
monte vista municipal,1
grove hill municipal,1
montague island municipal,1
monona municipal,1
groveton trinity county,1
mohall municipal,1
guntersville municipal,1
mobil,1
h & h field,1
mississippi county,1
mission hospitals,1
h.s.i.,1
habetz,1
hillman municipal,1
marks,1
mark hoard memorial,1
jim hogg county,1
jj & pk,1
a b dock services,1
joe vaughn spraying,1
lanesville skyways,1
john a baker field,1
john r reed,1
john s dunn helistop,1
johnnie volk field,1
lambs field,1
lakin,1
lakewood municipal,1
johnson city medical center,1
judge lewis field mt ayr municipal,1
julesburg municipal,1
lake wohlford resort,1
jim benson field,1
larimore municipal,1
larned municipal,1
jean municipal,1
lee bottom,1
jacob gust,1
leadore municipal,1
jamieson municipal,1
lazy j. ranch,1
lazy b ranch,1
jay kay ranch,1
lawson aaf fort benning,1
jeanerette municipal,1
jicarilla apache nation,1
jena,1
jenkins,1
jenkinsburg municipal,1
jenks municipal,1
jerseyville aviation inc,1
jesse viertel memorial,1
jetway,1
las animas municipal,1
lake whitney state park,1
lake water wheel,1
knightdale municipal,1
kremmling municipal,1
korver,1
kona municipal,1
keystone,1
koggiung municipal,1
keysville municipal,1
kezer air ranch,1
knape,1
kirkwood airpark,1
kirbyville,1
kiowa,1
kimmel,1
kingston municipal,1
kingston,1
kings port,1
keyes ranch,1
key way,1
kalkaska municipal,1
kenneth copeland,1
lake providence municipal,1
lake preston municipal,1
kaneohe bay municipal,1
katy municipal,1
keller,1
lake isabella cal brewer memorial,1
keller brothers,1
kemah waterfront,1
lake city municipal cj evans field,1
keosauqua municipal,1
lake berryessa,1
lake anna,1
lake ann airway estates,1
kestrel airpark,1
lafferty field,1
lac qui parle county,1
kewanee municipal,1
jacksboro municipal,1
lee county butters field,1
lee field,1
lumpkin county wimpys,1
machias municipal,1
hoppy's,1
mabee ranch,1
hornersville municipal,1
lykes brighton,1
luray municipal,1
horton municipal,1
lufker,1
hood river municipal,1
house movers field,1
hoxie municipal,1
lt. william m. milliken,1
hoxie sheridan county,1
lowell,1
loup city municipal,1
lost hills municipal,1
lost bridge village,1
hopedale industrial park,1
mad river inc,1
huntingdon municipal,1
hilty field,1
himsel army airfield,1
hinde,1
mariners hospital,1
hiram cure,1
hite private,1
marietta municipal,1
hoag,1
marianna lee county steve edwards field,1
marceline municipal,1
hogan,1
maddock municipal,1
maple,1
hogue,1
holdenville municipal,1
manhawkin municipal,1
holly lake ranch,1
maize,1
maidens,1
holtville,1
los alamitos municipal,1
longwell,1
jablonski,1
isbell,1
liberty county,1
li calzi,1
islesboro municipal,1
lewis county regional,1
lewis b. wilson,1
lester state,1
iuka municipal,1
leo's place,1
leo e. goetz county,1
j lynn helms sevier county,1
leffler,1
leeward farm,1
leesville municipal,1
j t willie,1
lees summit municipal,1
leechburg municipal,1
isabel municipal,1
international peace garden,1
illinois valley parachute club,1
huscher field,1
hutchinson,1
lofty redwoods,1
hyde field,1
loars field,1
hysham,1
indian town municipal,1
lind,1
indianola,1
industry air park,1
innovis health,1
linton municipal,1
linkwood municipal,1
lindsay municipal,1
lindrith airpark,1
linders cow chip,1
integris clinton regional hospital,1
gold king creek,1
muleshoe municipal,1
glover,1
elk river municipal,1
pinoak,1
piney pinecreek border,1
ellicott municipal,1
pine view,1
pine hollow,1
pine hill municipal,1
ellsworth municipal,1
pine grove,1
pinckneyville du quoin,1
pilots ridge,1
emmetsburg municipal,1
emporia greensville regional,1
ennis big sky,1
picabo municipal,1
enumclaw,1
enumclaw municipal,1
era helicopters fourchon helibase,1
erlanger medical center,1
erroport,1
pirates cove,1
piseco municipal,1
erwin,1
pomonkey municipal,1
pomona municipal,1
polson municipal,1
pollock municipal,1
edward f johnson,1
point roberts airpark,1
egg harbor municipal,1
ekalaka,1
el tiro,1
elba municipal,1
elbert county patz field,1
elbow lake municipal,1
plains municipal,1
eldora municipal,1
pixley,1
elephant path,1
phillips flying ranch,1
erwin municipal,1
edisto island municipal,1
fairfield medical center,1
fairplains airpark,1
fairview farm airfield,1
fairways,1
pea patch aerodrome,1
fall creek air ranch,1
fall river mill municipal,1
paxton municipal,1
paxton,1
nassau municipal,1
paullina municipal,1
paulding northwest atlanta,1
paul pittman memorial,1
farmerville municipal,1
patz,1
patterson,1
parsons,1
parshall hankins,1
parrish,1
parkston municipal,1
fairgrounds airpark,1
fairbanks municipal,1
pegasus airpark,1
pfister's,1
petroleum helt,1
petroleum helicopters inc,1
peterson point municipal,1
esclante municipal,1
essex municipal,1
essin muhlheim municipal,1
perry warsaw municipal,1
perry park,1
eva creek,1
evans,1
evart municipal,1
perham municipal,1
exxon,1
exxon intracoastal city terminal,1
fabens municipal,1
fair weather field,1
pelican rapids municipal lyon field,1
peleau,1
fairbank farms,1
pondcreek municipal,1
faulkton municipal,1
dog island,1
red reflet ranch,1
double d ranch,1
dove creek,1
dover municipal,1
red hook municipal,1
drennan,1
drewniany springmeadow,1
rebel field,1
drillmore acres,1
reader botsford,1
dry creek,1
ranger creek,1
randle kiona airpark,1
"duke field,(eglin af aux nr 3",1
rancho vallecito,1
dummerston municipal,1
rancho magdalena,1
dundee flying club,1
donaldsville municipal,1
ramapo valley municipal,1
reds wallowa horse ranch,1
desert enter municipal,1
detorit metro wayne cnty,1
richard arthur field,1
rices airpark,1
rice,1
reynolds airpark,1
rexford,1
devine municipal,1
dfw intl. arpt,1
diamond k ranch,1
rehoboth bay,1
reelfoot lake,1
diomede,1
dixon,1
reed flying service inc,1
reed,1
doctors hospital,1
ramme,1
duplin co,1
edinburg international,1
princeville municipal,1
prestwick municipal,1
east georgia regional,1
prarieville municipal,1
prairie lake pvt res sp mooring facility,1
potsdam municipal damon field,1
potomac airpark,1
east lansing municipal,1
post mills,1
post garza county municipal,1
eastern maine medical center,1
posey field,1
ebensburg municipal,1
echo,1
porter ranch,1
echo bay,1
echo lake,1
eck field,1
eckhart international,1
port moller municipal,1
edgar g obie,1
edgemont municipal,1
port au prince municipal,1
princeton caldwell county,1
propst,1
propwash,1
rake,1
rainelle,1
r & k skyranch,1
quitman brooks county,1
quinn field,1
duval freer,1
duvall municipal,1
quemado,1
quartz hill municipal,1
putz,1
putman,1
e.a.deeds farm,1
eagle crest hudson,1
punxsutawney municipal,1
punta prita baj municipal,1
eagle nest ranch,1
puerto,1
eagles nest fairview airpark,1
eagles ridge,1
prosser municipal,1
farr,1
pauma valley air park,1
old orchard airpark,1
obannon creek aerodrome,1
oakleaf,1
fowler,1
new cuyama,1
fowler municipal,1
oakhill airpark,1
fox haven plantation,1
o'hara international airport,1
o'connor field,1
o'brien flying service,1
fox river,1
frank federer memorial,1
northwood municipal vince field,1
gehris,1
oberlin municipal,1
ocean isle municipal,1
ocean ridge,1
forest hill,1
flying x ranch,1
geraci airpark,1
oktibbeha,1
foos field,1
geneseo municipal,1
ogle county,1
odgen municipal,1
forty fort municipal,1
forest home,1
odessa municipal,1
forks,1
ocracoke municipal,1
ocotillo,1
gene snyder,1
franklin,1
gaston,1
newfound valley,1
noelke ranch,1
fuquay angier field,1
noahs ark,1
newton field,1
furnace creek municipal,1
gaines county,1
newburyport municipal,1
newbury,1
newbedford municipal,1
new york skyports inc,1
new york mills municipal,1
fulton municipal,1
gainesville memorial,1
franklin foundation hospital,1
north hatfield municipal,1
franklinton,1
freddie jones field,1
fredonia,1
freemont municipal,1
garrison municipal,1
freyer field,1
fritchburg municipal,1
galenstein park,1
garnett municipal,1
fsa everett,1
garner municipal,1
ft collins municipal,1
north big horn county,1
norris,1
old forge municipal,1
folkston municipal,1
nevada regional medical center,1
gilstrap field,1
paisley,1
paintsville municipal,1
pahrump municipal,1
pageland,1
flaglor,1
neeb,1
packwood municipal,1
gilmore,1
packwood,1
packer,1
gilliam mc connell airfield,1
pace,1
old rhinebeck,1
p and r field,1
flanders field,1
owosso municipal,1
flandreau municipal,1
palm beach gard municipal,1
otis municipal,1
palm beach gardens medical center,1
fayette county,1
paradise landing,1
fayette regional air center,1
glen ullin regional,1
navajo lake,1
fernandina bea municipal,1
ferndale airfield,1
panama city beach airstrip,1
navarro,1
pan am metroport,1
finkley farm,1
glen burnie international,1
finlayson farm,1
finley ranch,1
palmetto,1
palm beach municipal,1
naylor,1
flat top ranch,1
othello municipal,1
neno international,1
neodesha municipal,1
opheim,1
ness city municipal,1
flying lazy d ranch,1
geraldine,1
flying s ranch,1
nevada county airpark,1
onida municipal,1
flying v,1
flying v ranch,1
omni mouton cove,1
omni airpark,1
flying h,1
flying dollar,1
orlampa inc,1
flugplatz,1
flushing international,1
osaka international,1
orr municipal,1
flyin tiger,1
orlando sun resort,1
neligh municipal,1
flying c,1
flying 'o',1
gilbert field,1
flying d,1
gibson,1
strip,0
rattlesnake isl municipal,0
lake riverside estates,0
strawberry vall municipal,0
morgan ranch,0
mustang island,0
bristow intracoastal city,0
ak chin,0
cal black memorial,0
swettisham municipal,0
talachulitna river,0
cameron field,0
nadi municipal,0
fox fire,0
shannon medical center,0
hurlburt field,0
chemehuevi valley,0
loon creek municipal,0
triangle airpark,0
hummel municipal,0
barbour island,0
smiley creek municipal,0
philadelphis municipal,0
big darby islan municipal,0
mankomen lake,0
juniper hills,0
beulah,0
mc gehee municipal,0
palisades conference center,0
beef island municipal,0
mc donald,0
sinclair island municipal,0
clear creek int,0
papago ahp,0
pistol creek ra municipal,0
methow valley state,0
ford island municipal,0
lake wenatchee state,0
dunton ranch,0
brian ranch,0
willow point,0
alsek river municipal,0
moose creek usfs,0
st maries municipal,0
branson west municipal emerson field,0
mona island municipal,0
brackett municipal,0
cape haitian international,0
san andros municipal,0
minam lodge,0
west palm each municipal,0
fort benton,0
kingdon municipal,0
